"id","section_id","parent_id","is_subsection","title","subtitle","content","image","pdf_url","enable_audio","email","instagram","layout","display_order","is_published","tags","icon","gallery_images","created_at","updated_at"
"075f7db9-7ce6-48db-a2e8-9d6c4692c31c","nodes",NULL,"0","Parisar Samvad Delhi",NULL,"<div class=""siodel-block block-text"" data-align=""left""><p><strong>Parisar Samvad Delhi</strong> is the dialogue and civic engagement node of <strong>Students Islamic Organisation (SIO) Delhi</strong>, focused on creating spaces for meaningful conversation on social, environmental, and public issues. The platform encourages dialogue as a tool for understanding, collaboration, and responsible citizenship.</p><p>As a node of SIO Delhi, Parisar Samvad works to promote <strong>constructive discussions, public dialogues, seminars, and interactive engagements</strong> on concerns that affect society at large—ranging from environmental responsibility and urban challenges to social harmony and ethical public discourse. It brings together students, academics, activists, and community voices to engage with issues through dialogue rather than polarisation.</p><p>Parisar Samvad believes that dialogue is essential for a healthy society. Through its initiatives, it aims to nurture informed perspectives, civic sensitivity, and a culture of listening—supporting SIO Delhi’s broader vision of conscious, engaged, and socially responsible student leadership.</p></div>","https://api.siodelhi.org/uploads/images/1769030212006-cropped-cover-1769030212005.webp",NULL,"0",NULL,NULL,"default","0","1",NULL,"https://api.siodelhi.org/uploads/images/1769449530-83a93e60.webp",NULL,"2026-01-21 00:00:00","2026-01-30 14:40:23"
"0b3454ac-e6f4-43e1-bff4-00283c9a82b0","about",NULL,"1","Membership Syllabus","Dive into our Membership Syllabus",,"https://api.siodelhi.org/uploads/images/1769358307-3e3c951b.webp",NULL,"0",NULL,NULL,"custom","4","1",NULL,NULL,NULL,"2026-01-25 14:59:30","2026-01-25 16:25:16"
"0c428bbc-1e9d-4aa6-bd5a-67e6701e6761","leadership",NULL,"0","Ahfas","Campus Secretary","<div class=""siodel-block block-text"" data-align=""left""><p style=""text-align: justify;""><strong>Lorem Ipsum</strong> is simply dummy text of the printing and typesetting industry. Lorem Ipsum has been the industry's standard dummy text ever since the 1500s, when an unknown printer took a galley of type and scrambled it to make a type specimen book. It has survived not only five centuries, but also the leap into electronic typesetting, remaining essentially unchanged. It was popularised in the 1960s with the release of Letraset sheets containing Lorem Ipsum passages, and more recently with desktop publishing software like Aldus PageMaker including versions of Lorem Ipsum.</p></div>","https://api.siodelhi.org/uploads/images/1769252887-817dd1f3.webp",NULL,"0","constact@sio.com",NULL,"default","7","1",NULL,NULL,NULL,"2026-01-18 00:00:00","2026-01-24 11:08:09"
"0dfbc47e-9591-4c5a-ada1-75caa0e6754b","media",NULL,"0","Beyond Tokenism: Where is the ‘Muslim Question’ in JNUSU Elections?",NULL,"<div class=""siodel-block block-text""><p>Jawaharlal Nehru University has long stood as a symbol of resistance against the majoritarian Hindutva regime. As a democratic space, JNU and the JNU Students’ Union have historically played an important role in shaping national discourses. In these tough times, when universities—especially Muslim institutions—are under systematic attack, JNU has also been a consistent target of state repression.</p><p>SIO, as a nationwide student organization, has stood with JNU in its struggles, consistently raising its voice in solidarity. As the JNUSU elections approach, we believe there are some urgent and critical questions to be posed before all political groups in JNU. These questions have emerged from the margins, from the lived experiences of Muslims, and from the increasing suffocation that surrounds their existence in this country.</p><p>Muslims in India are going through perhaps the most difficult phase in post-independence history. Since 2014, the BJP-led Hindutva government has accelerated its agenda of pushing Muslims out of public spaces—socially, politically, culturally, and economically. From the CAA–NRC to the Waqf (Amendment) Act, the state has made its intentions clear to systematically marginalize, de-legitimize, and invisibilize Muslims from the national fabric.</p><p>The Muslim question in India today is not just another case of marginalization—it is a crisis rooted in the struggle for dignity, faith, and the fundamental right to exist and dissent without fear. It goes beyond demands for representation or reservations; it is about living as a Muslim in public life without humiliation or criminalization. We urge all political groups contesting the JNUSU elections, especially the Left, Liberal, and Dalit groups, to move beyond symbolic gestures like donning a keffiyeh or offering token representation.</p><p><strong>SIO JNU</strong></p></div>","https://api.siodelhi.org/uploads/images/1769080016084-cropped-cover-1769080016084.webp",NULL,"0",NULL,NULL,"default","5","1","[""JNUSU Elections""]",NULL,"[]","2025-04-19 00:00:00","2026-01-24 09:43:32"
"0ebac23e-7fd1-4e2b-869a-5652042cd612","initiatives",NULL,"0","Maulana Maududi Lecture - 08","SIO Delhi successfully organized the 8th “Imam Maududi Memorial Lecture” at the Indian Institute of Islamic Studies and Research, focusing on “The Contemporary Relevance of Maududi’s Thought.” The event explored Maulana Maududi's enduring ideas in addressing modern challenges.

The keynote lecture was delivered by Dr. Salim Khan, a renowned author, scientist, and JIH Central Advisory Council member, while the presidential talk was presented by Dr. Hassan Raza, Chairman of Islami Academy Trust.

","<div class=""siodel-block block-composite"" data-layout=""image-top"" data-image-url=""https%3A%2F%2Fapi.siodelhi.org%2Fuploads%2Fimages%2F1769508476-e7c95b3d.webp"" data-text-content=""%3Cp%3ESIO%20Delhi%20successfully%20organized%20the%208th%20%E2%80%9CImam%20Maududi%20Memorial%20Lecture%E2%80%9D%20at%20the%20Indian%20Institute%20of%20Islamic%20Studies%20and%20Research%2C%20focusing%20on%20%E2%80%9CThe%20Contemporary%20Relevance%20of%20Maududi%E2%80%99s%20Thought.%E2%80%9D%20The%20event%20explored%20Maulana%20Maududi's%20enduring%20ideas%20in%20addressing%20modern%20challenges.%3C%2Fp%3E%3Cp%3EThe%20keynote%20lecture%20was%20delivered%20by%20Dr.%20Salim%20Khan%2C%20a%20renowned%20author%2C%20scientist%2C%20and%20JIH%20Central%20Advisory%20Council%20member%2C%20while%20the%20presidential%20talk%20was%20presented%20by%20Dr.%20Hassan%20Raza%2C%20Chairman%20of%20Islami%20Academy%20Trust.%3C%2Fp%3E%3Cp%3EThe%20program%20featured%20speeches%20by%20Ramees%20EK%20(SIO%20National%20President)%2C%20Imrul%20Quesh%20(SIO%20Delhi%20President)%2C%20and%20Salimullah%20Khan%20(Ameer-e-Halqa%2C%20JIH%20Delhi)%2C%20with%20Tilawat%20by%20Saad%20Inam%20and%20concluding%20remarks%20by%20Razi%20Alhasan.%20The%20event%20witnessed%20vibrant%20participation%20from%20students%2C%20academics%2C%20and%20the%20public.%3C%2Fp%3E"" data-align=""left"" data-images='[""https://api.siodelhi.org/uploads/images/1769508476-e7c95b3d.webp""]'></div>","https://api.siodelhi.org/uploads/images/1769508417-e413f9d2.webp",NULL,"0",NULL,NULL,"default","9","1",NULL,NULL,"[""https:\/\/api.siodelhi.org\/uploads\/images\/1769508490-e8a038b0.webp"",""https:\/\/api.siodelhi.org\/uploads\/images\/1769508490-e8a76f0d.webp"",""https:\/\/api.siodelhi.org\/uploads\/images\/1769508490-e8ad7dff.webp"",""https:\/\/api.siodelhi.org\/uploads\/images\/1769508491-e8b5193a.webp"",""https:\/\/api.siodelhi.org\/uploads\/images\/1769508491-e8bc002d.webp"",""https:\/\/api.siodelhi.org\/uploads\/images\/1769508492-e8c42fcd.webp"",""https:\/\/api.siodelhi.org\/uploads\/images\/1769508492-e8ca8ac4.webp"",""https:\/\/api.siodelhi.org\/uploads\/images\/1769508493-e8d21fcd.webp"",""https:\/\/api.siodelhi.org\/uploads\/images\/1769508493-e8d8928c.webp"",""https:\/\/api.siodelhi.org\/uploads\/images\/1769508494-e8e042d2.webp""]","2026-01-27 10:08:25","2026-01-29 17:08:52"
"122de7f6-7d19-430a-b8ac-d99bed00ddc4","jac",NULL,"0","Poster Launching: North East Regional JAC Tarbiyah Camp","A meeting of local leaders was held with participation from Old Mustafabad, New Mustafabad, Ghonda, and Kardampuri units. The gathering focused on organisational planning, capacity building, and future initiatives.
The primary agenda of the meeting was to discuss the upcoming Regional Tarbiyah Camp, scheduled to be held on 1st February 2026. Detailed discussions were conducted regarding the objectives of the camp, expected participation, and its role in st","<div class=""siodel-block block-composite"" data-layout=""image-top"" data-image-url=""https%3A%2F%2Fapi.siodelhi.org%2Fuploads%2Fimages%2F1769427845-3858e394.webp"" data-text-content=""%3Cp%3EVenue%3A%20Ghonda%3C%2Fp%3E%3Cp%3EDate%3A%2023%2F01%2F2026%3C%2Fp%3E%3Cp%3EOrganised%20by%3A%20SIO%20Stars%20%2F%20JAC%20(North%20East%20Region).%3C%2Fp%3E%3Cp%3EA%20meeting%20of%20local%20leaders%20was%20held%20with%20participation%20from%20Old%20Mustafabad%2C%20New%20Mustafabad%2C%20Ghonda%2C%20and%20Kardampuri%20units.%20The%20gathering%20focused%20on%20organisational%20planning%2C%20capacity%20building%2C%20and%20future%20initiatives.%3C%2Fp%3E%3Cp%3EThe%20primary%20agenda%20of%20the%20meeting%20was%20to%20discuss%20the%20upcoming%20Regional%20Tarbiyah%20Camp%2C%20scheduled%20to%20be%20held%20on%201st%20February%202026.%20Detailed%20discussions%20were%20conducted%20regarding%20the%20objectives%20of%20the%20camp%2C%20expected%20participation%2C%20and%20its%20role%20in%20strengthening%20sio%20stars.%3C%2Fp%3E%3Cp%3EThe%20meeting%20also%20included%20an%20important%20discussion%20on%20the%20%3Cem%3Efuture%20roadmap%20of%20SIO%20Stars%2C%20highlighting%20the%20need%20for%20consistent%20mentorship%2C%20engagement%2C%20and%20structured%20growth%3C%2Fem%3E%20of%20young%20members%20within%20the%20organisation.%3C%2Fp%3E%3Cp%3ESpecial%20emphasis%20was%20laid%20on%20the%20%3Cem%3Edata%20updation%20of%20JAC%20membership%3C%2Fem%3E%2C%20recognising%20it%20as%20a%20crucial%20step%20for%20organisational%20efficiency%2C%20planning%2C%20and%20outreach.%3C%2Fp%3E%3Cp%3ETowards%20the%20conclusion%20of%20the%20meeting%2C%20the%20%3Cem%3Eposter%20of%20the%20North%20East%20Regional%20JAC%20Tarbiyah%20Camp%20was%20formally%20released%3C%2Fem%3E%2C%20marking%20the%20beginning%20of%20mobilisation%20and%20outreach%20activities%20for%20the%20camp.%3C%2Fp%3E%3Cp%3EThe%20meeting%20concluded%20with%20a%20shared%20resolve%20to%20work%20collectively%20for%20the%20success%20of%20the%20upcoming%20Tarbiyah%20Camp%20and%20to%20further%20strengthen%20organisational%20coordination%20across%20all%20participating%20areas.%3C%2Fp%3E"" data-align=""left"" data-images='[""https://api.siodelhi.org/uploads/images/1769427845-3858e394.webp""]'></div>","https://api.siodelhi.org/uploads/images/1769349537-1a1e6587.webp",NULL,"0",NULL,NULL,"default","0","1",NULL,NULL,NULL,"2026-01-25 14:00:07","2026-01-26 16:53:50"
"1fd4c08a-ec9e-4cdb-a8e1-fa23929b601f","about","af451e60-93dc-46b7-9cc2-3c61133b1375","0","Jan 2023 - Dec 2024",NULL,"<div class=""siodel-block block-pdf"" data-pdf-url=""https://api.siodelhi.org/uploads/pdfs/1769181184288-Policy-Hindi%20&%20English.pdf""></div>","https://api.siodelhi.org/uploads/images/1769181280357-cropped-cover-1769181280356.webp","https://api.siodelhi.org/uploads/pdfs/1769181184288-Policy-Hindi%20&%20English.pdf","0",NULL,NULL,"default",NULL,"1","[]",NULL,"[]","2026-01-23 15:14:43","2026-01-23 15:59:43"
"208804a0-0ee4-4f0a-9920-851b375aaebb","leadership",NULL,"0","Alfaz Khan","JAC Secretary","<div class=""siodel-block block-text"" data-align=""left""><p><strong>Alfaz Khan</strong> is a <strong>Ph.D. research scholar in Geography</strong> at <strong>Jamia Millia Islamia University</strong>. He currently serves as the <strong>Junior Associate Circle (JAC) Secretary of SIO Delhi</strong>, contributing to youth engagement, academic development, and organizational initiatives.</p><p>His academic and professional interests span <strong>environmental studies, climate change, urbanisation, child psychology, and teaching</strong>, reflecting an interdisciplinary approach to education and social awareness.</p><p style=""text-align: left;"">He has also been serving as the <strong>State Convenor of Parisar Samvad, Delhi</strong>, for the past three years. Parisar Samvad is an organization dedicated to <strong>environmental conservation and the promotion of ecological consciousness</strong>, through dialogue, advocacy, and community-based initiatives.</p></div>","https://api.siodelhi.org/uploads/images/1769252876-80ca0b85.webp",NULL,"0",NULL,NULL,"default","5","1",NULL,NULL,NULL,"2026-01-18 00:00:00","2026-01-24 14:34:19"
"20e8634f-1b81-4ae8-bba7-95509b286db7","about","5519c085-9e5e-441d-89df-d5b24e4929ff","0","Urdu","Dive into Our Constitution","<div class=""siodel-block block-pdf"" data-pdf-url=""https://api.siodelhi.org/uploads/pdfs/1768850381730-dastoor.pdf""></div>","https://api.siodelhi.org/uploads/images/1769169685325-cropped-cover-1769169685325.webp","https://api.siodelhi.org/uploads/pdfs/1768850381730-dastoor.pdf","0",NULL,NULL,"default","1","1","[]",NULL,"[]","2026-01-18 00:00:00","2026-01-23 12:01:27"
"218d42f3-2ad0-43a9-85fa-f3a3a84e8719","leadership",NULL,"0","Abdullah Baig","Organising Secretary","<div class=""siodel-block block-text"" data-align=""left""><p><strong>Abdullah Baig</strong> is an <strong>MBA graduate from Aligarh Muslim University</strong>, with a <strong>two-year diploma in Islamic Thought and Studies</strong> from the <strong>Indian Institute of Islamic Studies and Research</strong>. His academic background reflects a balanced grounding in management education and Islamic intellectual studies.</p><p>He currently serves as the <strong>Organising Secretary of SIO Delhi</strong> and is a <strong>Zonal Advisory Council (ZAC) Member</strong>, contributing to organizational planning, coordination, and strategic development across the unit.</p><p>His role focuses on strengthening internal structures, improving organizational efficiency, and supporting leadership processes, with a commitment to disciplined organization and value-based leadership.</p></div>","https://api.siodelhi.org/uploads/images/1769252836-7e40243a.webp",NULL,"0",NULL,NULL,"default","2","1",NULL,NULL,NULL,"2026-01-19 00:00:00","2026-01-24 14:37:16"
"2244a2f6-9baa-4323-a447-dc0e031ddf0e","leadership",NULL,"0","Ibrahim Khan","Expansion Secretary","<div class=""siodel-block block-text"" data-align=""left""><p><strong>Ibrahim Khan</strong> is a <strong>Hafiz-e-Qur’an and Alim</strong>, with a strong academic grounding in both Islamic scholarship and contemporary education. He holds a <strong>Bachelor’s degree (BA)</strong>, <strong>Master’s degree (MA)</strong>, and <strong>Bachelor of Education (B.Ed.)</strong> from <strong>Jamia Millia Islamia, New Delhi</strong>, and is currently pursuing his <strong>PhD</strong> at the same institution, where he is engaged in advanced academic research.</p><p>Alongside his scholarly pursuits, he is actively involved in organizational leadership and community development. He serves as the <strong>Expansion Secretary of SIO Delhi</strong>, contributing to initiatives focused on educational outreach, youth empowerment, and community engagement.</p><p>His areas of interest include <strong>research, education, intellectual discourse, and social reform</strong>, with a sustained commitment to integrating knowledge, ethical values, and leadership for the broader betterment of society.</p></div>","https://api.siodelhi.org/uploads/images/1769252846-7eecf582.webp",NULL,"0",NULL,NULL,"default","3","1",NULL,NULL,NULL,"2026-01-18 00:00:00","2026-01-24 14:32:53"
"25afde50-3da9-43bd-89dd-66b767b5188b","initiatives",NULL,"0","Welcoming National President","Warm and enthusiastic welcome to the newly elected National President Br. Abdul Hafeez and General Secretary Br. Anees Ahmed by the spirited cadres of SIO Delhi at the National Headquarters, led by ZP Br. Abul Kalam Khan and ZS Br. Omair Afzal.","<div class=""siodel-block block-composite"" data-layout=""image-top"" data-image-url=""https%3A%2F%2Fapi.siodelhi.org%2Fuploads%2Fimages%2F1769427490-22294aa5.webp"" data-text-content=""%3Cp%3E%3Cspan%20style%3D%22color%3A%20rgb(248%2C%20249%2C%20249)%3B%20font-size%3A%2014px%3B%22%3EWarm%20and%20enthusiastic%20welcome%20to%20the%20newly%20elected%20National%20President%20%3Cstrong%3EBr.%20Abdul%20Hafeez%3C%2Fstrong%3E%20and%20General%20Secretary%20%3Cstrong%3EBr.%20Anees%20Ahmed%3C%2Fstrong%3E%20by%20the%20spirited%20cadres%20of%20SIO%20Delhi%20at%20the%20National%20Headquarters%2C%20led%20by%20ZP%20Br.%20Abul%20Kalam%20Khan%20and%20ZS%20Br.%20Omair%20Afzal.%3C%2Fspan%3E%3C%2Fp%3E"" data-align=""left"" data-images='[""https://api.siodelhi.org/uploads/images/1769427490-22294aa5.webp""]'></div>","https://api.siodelhi.org/uploads/images/1769249972-cb465a89.webp",NULL,"0",NULL,NULL,"default","8","1",NULL,NULL,"[""https:\/\/api.siodelhi.org\/uploads\/images\/1769249988-cc452b7c.webp"",""https:\/\/api.siodelhi.org\/uploads\/images\/1769249988-cc4a813a.webp"",""https:\/\/api.siodelhi.org\/uploads\/images\/1769249989-cc5042f7.webp"",""https:\/\/api.siodelhi.org\/uploads\/images\/1769249989-cc554cbf.webp"",""https:\/\/api.siodelhi.org\/uploads\/images\/1769249989-cc5a5a8f.webp"",""https:\/\/api.siodelhi.org\/uploads\/images\/1769249990-cc60383b.webp"",""https:\/\/api.siodelhi.org\/uploads\/images\/1769249990-cc657a26.webp""]","2026-01-24 10:21:12","2026-01-29 17:09:15"
"3344a28f-fa5a-4534-a76b-e70847133e98","about",NULL,"0","About Us","
Students Islamic Organisation of India (SIO) is an ideological organization working in the country since its inception on 19th October 1982 for the social progress and development of the students’ fraternity. It is SIO’s endeavor to prepare Students and Youth for the reconstruction of the society in the light of Divine guidance.","<div class=""siodel-block block-composite"" data-layout=""image-top"" data-image-url=""https%3A%2F%2Fapi.siodelhi.org%2Fuploads%2Fimages%2F1769699989-a953e993.webp"" data-text-content=""%3Cp%3EStudents%20Islamic%20Organisation%20of%20India%20(SIO)%20is%20an%20ideological%20organization%20working%20in%20the%20country%20since%20its%20inception%20on%2019th%20October%201982%20for%20the%20social%20progress%20and%20development%20of%20the%20students%E2%80%99%20fraternity.%20It%20is%20SIO%E2%80%99s%20endeavor%20to%20prepare%20Students%20and%20Youth%20for%20the%20reconstruction%20of%20the%20society%20in%20the%20light%20of%20Divine%20guidance.%3C%2Fp%3E%3Cp%3EIn%20order%20to%20understand%20SIO%2C%20it%20is%20essential%20to%20have%20a%20good%20grasp%20on%20its%20views%20on%20Islam%2C%20student%20and%20organization.%20The%20Arabic%20word%20Islam%20signifies%20peace%2C%20dedication%20and%20absolute%20submission.%20In%20other%20words%20it%20is%20the%20path%20to%20peace%20through%20complete%20surrender%20to%20God.%3Cbr%3E%3Cbr%3ESIO%20believes%20that%20the%20real%20function%20of%20education%20should%20be%20to%20impart%20genuine%20knowledge%20about%20life%2C%20existence%20and%20future.%20A%20real%20student%20is%20therefore%20one%20seeking%20for%20the%20realities%20about%20life%20and%20universe.%3C%2Fp%3E%3Cp%3EWith%20its%20Headquarter%20based%20in%20Delhi%2C%20SIO%20has%20spread%20to%20all%20the%20states%20stretching%20from%20Punjab%20to%20Kerala%20and%20Gujarat%20to%20Manipur.%20Heart-beat%20of%20millions%20of%20students%20across%20India%2C%20SIO%E2%80%99s%20message%20of%20%E2%80%9Cspreading%20the%20virtues%20and%20eradicating%20evils%E2%80%9D%20is%20now%20motto%20of%20life%20for%20them.%20All%20students%20irrespective%20of%20their%20religion%2C%20caste%2C%20creed%20and%20place%20are%20now%20part%20of%20the%20organisation%20and%20working%20proactively%20for%20its%20cause.%20SIO%20is%20reaching%20now%20every%20nook%20and%20corner%20of%20the%20Indian%20Campus%20with%20its%20services%20to%20the%20student%20community.%3C%2Fp%3E"" data-subtitle=""About%20Us"" data-align=""left"" data-images='[""https://api.siodelhi.org/uploads/images/1769699989-a953e993.webp""]'></div><div class=""siodel-block block-composite"" data-layout=""image-right"" data-image-url=""https%3A%2F%2Fapi.siodelhi.org%2Fuploads%2Fimages%2F1769699988-a94de279.webp"" data-text-content=""%3Cp%3ESIO%20finds%20itself%20committed%20to%20impart%20genuine%20knowledge%20and%20awareness%20to%20students%20and%20getting%20them%20ready%20to%20become%20torch%20bearers%20of%20morality%20and%20ethics%20to%20fight%20against%20evils%20by%20reinforcing%20their%20own%20life.%20The%20organization%20also%20strives%20for%20promoting%20values%20in%20educational%20system%20and%20better%20academic%20and%20moral%20atmosphere%20in%20educational%20institutions.%20SIO%20focuses%20its%20efforts%20to%20nurture%20the%20talents%20of%20students%20in%20such%20a%20way%20as%20to%20benefit%20the%20society.%20Above%20all%2C%20preference%20is%20given%20to%20spread%20the%20truths%20as%20understood%20by%20the%20organization%20among%20the%20most%20critical%20group%20of%20civil%20society%20%E2%80%93%20STUDENTS.%3C%2Fp%3E"" data-subtitle=""SIO%20Aims"" data-align=""left"" data-images='[""https://api.siodelhi.org/uploads/images/1769699988-a94de279.webp""]'></div><div class=""siodel-block block-composite"" data-layout=""image-left"" data-image-url=""https%3A%2F%2Fapi.siodelhi.org%2Fuploads%2Fimages%2F1769699989-a955aeb2.webp"" data-text-content=""%3Cp%3EAll%20the%20above%20mentioned%20aims%20are%20striven%20for%20only%20within%20the%20limits%20of%20morality%20and%20constructive%2C%20peaceful%20manner.%20The%20organization%20abstains%20from%20anything%20that%20is%20contrary%20to%20truth%20and%20honesty%20and%20that%20which%20may%20result%20in%20communal%20hatred%20and%20class%20struggle.%3C%2Fp%3E"" data-subtitle=""SIO%20Works"" data-align=""left"" data-images='[""https://api.siodelhi.org/uploads/images/1769699989-a955aeb2.webp""]'></div>","https://api.siodelhi.org/uploads/images/1769699988-a94469cc.webp",NULL,"0",NULL,NULL,"default","0","1",NULL,NULL,NULL,"2026-01-29 15:19:49","2026-01-29 16:29:48"
"3eb2a50e-6fcf-46b0-9cb0-ae73e2dd6ec3","about","0b3454ac-e6f4-43e1-bff4-00283c9a82b0","0","Urdu | Membership Syllabus","Dive into our Membership Syllabus in Urdu","<div class=""siodel-block block-text"" data-align=""left""><p style=""text-align: center;""><span style=""color: rgb(255, 128, 128);""><strong>Shahadat e Haq</strong></span></p></div><div class=""siodel-block block-pdf"" data-pdf-url=""https://api.siodelhi.org/uploads/pdfs/1769607030-f76b4fef.pdf""></div><div class=""siodel-block block-text"" data-align=""left""><p style=""text-align: center;""><span style=""color: rgb(255, 128, 128);""><strong>Deeniyat</strong></span></p></div><div class=""siodel-block block-pdf"" data-pdf-url=""https://api.siodelhi.org/uploads/pdfs/1769434919-f27ae537.pdf""></div><div class=""siodel-block block-text"" data-align=""left""><p style=""text-align: center;""><span style=""color: rgb(255, 128, 128);""><strong>Islam Ek Nazar me</strong></span></p></div><div class=""siodel-block block-pdf"" data-pdf-url=""https://api.siodelhi.org/uploads/pdfs/1769607319-097d4de0.pdf""></div><div class=""siodel-block block-text"" data-align=""left""><p style=""text-align: center;""><span style=""color: rgb(255, 128, 128);""><strong>Islam Nizam e Hayat</strong></span></p></div><div class=""siodel-block block-pdf"" data-pdf-url=""https://api.siodelhi.org/uploads/pdfs/1769435252-07471e38.pdf""></div><div class=""siodel-block block-text"" data-align=""left""><p style=""text-align: center;""><span style=""color: rgb(255, 128, 128);""><strong>Lamhaat</strong></span></p></div><div class=""siodel-block block-pdf"" data-pdf-url=""https://api.siodelhi.org/uploads/pdfs/1769435521-18177030.pdf""></div><div class=""siodel-block block-text"" data-align=""left""><p style=""text-align: center;""><span style=""color: rgb(255, 128, 128);""><strong>Muhammad e Arabi</strong></span></p></div><div class=""siodel-block block-pdf"" data-pdf-url=""https://api.siodelhi.org/uploads/pdfs/1769609945-ad9b7e04.pdf""></div><div class=""siodel-block block-text"" data-align=""left""><p style=""text-align: center;""><span style=""color: rgb(255, 128, 128);""><strong>Khutbaat 1</strong></span></p></div><div class=""siodel-block block-pdf"" data-pdf-url=""https://api.siodelhi.org/uploads/pdfs/1769436138-3ea7b7cc.pdf""></div><div class=""siodel-block block-text"" data-align=""left""><p style=""text-align: center;""><span style=""color: rgb(255, 128, 128);""><strong>Khutbaat 2</strong></span></p></div><div class=""siodel-block block-pdf"" data-pdf-url=""https://api.siodelhi.org/uploads/pdfs/1769436150-3f667c85.pdf""></div><div class=""siodel-block block-text"" data-align=""left""><p style=""text-align: center;""><span style=""color: rgb(255, 128, 128);""><strong>Khutbaat 3</strong></span></p></div><div class=""siodel-block block-pdf"" data-pdf-url=""https://api.siodelhi.org/uploads/pdfs/1769436166-40685344.pdf""></div><div class=""siodel-block block-text"" data-align=""left""><p style=""text-align: center;""><span style=""color: rgb(255, 128, 128);""><strong>Khutbaat 4</strong></span></p></div><div class=""siodel-block block-pdf"" data-pdf-url=""https://api.siodelhi.org/uploads/pdfs/1769436180-4144bcd1.pdf""></div><div class=""siodel-block block-text"" data-align=""left""><p style=""text-align: center;""><span style=""color: rgb(255, 128, 128);""><strong>Khutbaat 5</strong></span></p></div><div class=""siodel-block block-pdf"" data-pdf-url=""https://api.siodelhi.org/uploads/pdfs/1769436190-41e1f019.pdf""></div><div class=""siodel-block block-text"" data-align=""left""><p style=""text-align: center;""><span style=""color: rgb(255, 128, 128);""><strong>Muqadmah</strong></span></p></div><div class=""siodel-block block-pdf"" data-pdf-url=""https://api.siodelhi.org/uploads/pdfs/1769436205-42da293c.pdf""></div><div class=""siodel-block block-text"" data-align=""left""><p style=""text-align: center;""><span style=""color: rgb(255, 128, 128);""><strong>Quran ka Rasta</strong></span></p></div><div class=""siodel-block block-pdf"" data-pdf-url=""https://api.siodelhi.org/uploads/pdfs/1769436223-43f34ed2.pdf""></div><div class=""siodel-block block-text"" data-align=""left""><p style=""text-align: center;""><span style=""color: rgb(255, 128, 128);""><strong>Tehreek e Islami me Kamyabi ke Sharait</strong></span></p></div><div class=""siodel-block block-pdf"" data-pdf-url=""https://api.siodelhi.org/uploads/pdfs/1769436268-46cebc39.pdf""></div><div class=""siodel-block block-text"" data-align=""left""><p style=""text-align: center;""><span style=""color: rgb(255, 128, 128);""><strong>Hasanul Banna Shaheed ki Diary</strong></span></p></div><div class=""siodel-block block-pdf"" data-pdf-url=""https://api.siodelhi.org/uploads/pdfs/1769704122-abae7b8a.pdf""></div>","https://api.siodelhi.org/uploads/images/1769420862-83e989c5.webp","https://api.siodelhi.org/uploads/pdfs/1769420976-8b0435eb.pdf","0",NULL,NULL,"default","0","1",NULL,NULL,NULL,"2026-01-26 09:48:21","2026-01-29 16:28:43"
"41d81e9f-b099-4981-86d7-762619c05217","initiatives",NULL,"0","Yaum al Quds 2025",NULL,"SIO Delhi organized the Yaum Al-Quds Exhibition as a creative and educational initiative to raise awareness against apartheid and stand in solidarity with the Palestinian cause. The exhibition featured immersive 3D models, informative displays, and a curated collection of artworks. As part of the initiative, SIO Delhi issued an open call for artwork submissions, inviting artists from across Delhi to contribute to the movement. The response witnessed wide participation, with diverse artworks being showcased at the exhibition. The initiative drew an overwhelming public response, with around 8,500 visitors attending and appreciating SIO Delhi’s effort to use art and visual engagement as a powerful medium to amplify voices against oppression and injustice.","https://api.siodelhi.org/uploads/images/1769706148-2a48e6df.webp",NULL,"0",NULL,NULL,"gallery","7","1",NULL,NULL,"[{""id"":""500736f4-bf20-467e-9a91-4e6efa8774aa"",""title"":""Main Gallery"",""images"":[""https:\/\/api.siodelhi.org\/uploads\/images\/1769706372-38477758.webp"",""https:\/\/api.siodelhi.org\/uploads\/images\/1769706373-3857c7af.webp"",""https:\/\/api.siodelhi.org\/uploads\/images\/1769706374-38629862.webp"",""https:\/\/api.siodelhi.org\/uploads\/images\/1769706375-387334e5.webp"",""https:\/\/api.siodelhi.org\/uploads\/images\/1769706375-387e0883.webp"",""https:\/\/api.siodelhi.org\/uploads\/images\/1769706376-388f4198.webp"",""https:\/\/api.siodelhi.org\/uploads\/images\/1769706380-38cb576d.webp"",""https:\/\/api.siodelhi.org\/uploads\/images\/1769706383-38f81989.webp"",""https:\/\/api.siodelhi.org\/uploads\/images\/1769706384-390da332.webp"",""https:\/\/api.siodelhi.org\/uploads\/images\/1769706391-397bd8d6.webp"",""https:\/\/api.siodelhi.org\/uploads\/images\/1769706394-39a255bb.webp"",""https:\/\/api.siodelhi.org\/uploads\/images\/1769706396-39cbe0d7.webp"",""https:\/\/api.siodelhi.org\/uploads\/images\/1769706397-39d82928.webp"",""https:\/\/api.siodelhi.org\/uploads\/images\/1769706401-3a1b61fe.webp"",""https:\/\/api.siodelhi.org\/uploads\/images\/1769706402-3a26f03f.webp"",""https:\/\/api.siodelhi.org\/uploads\/images\/1769706403-3a32788a.webp"",""https:\/\/api.siodelhi.org\/uploads\/images\/1769706404-3a42aba8.webp"",""https:\/\/api.siodelhi.org\/uploads\/images\/1769706408-3a83f65d.webp"",""https:\/\/api.siodelhi.org\/uploads\/images\/1769706409-3a99d173.webp"",""https:\/\/api.siodelhi.org\/uploads\/images\/1769706420-3b4a23c7.webp"",""https:\/\/api.siodelhi.org\/uploads\/images\/1769706421-3b5bce78.webp"",""https:\/\/api.siodelhi.org\/uploads\/images\/1769706422-3b6d377d.webp"",""https:\/\/api.siodelhi.org\/uploads\/images\/1769706423-3b795661.webp"",""https:\/\/api.siodelhi.org\/uploads\/images\/1769706424-3b896c1d.webp"",""https:\/\/api.siodelhi.org\/uploads\/images\/1769706425-3b95083c.webp"",""https:\/\/api.siodelhi.org\/uploads\/images\/1769706426-3ba0f41f.webp"",""https:\/\/api.siodelhi.org\/uploads\/images\/1769706427-3bb63c04.webp"",""https:\/\/api.siodelhi.org\/uploads\/images\/1769706428-3bc608a1.webp"",""https:\/\/api.siodelhi.org\/uploads\/images\/1769706429-3bdc961c.webp"",""https:\/\/api.siodelhi.org\/uploads\/images\/1769706430-3bee65ef.webp"",""https:\/\/api.siodelhi.org\/uploads\/images\/1769706432-3c0623e3.webp"",""https:\/\/api.siodelhi.org\/uploads\/images\/1769706433-3c12a23c.webp"",""https:\/\/api.siodelhi.org\/uploads\/images\/1769706434-3c2375b6.webp"",""https:\/\/api.siodelhi.org\/uploads\/images\/1769706435-3c3dc9f4.webp"",""https:\/\/api.siodelhi.org\/uploads\/images\/1769706437-3c5a00dd.webp"",""https:\/\/api.siodelhi.org\/uploads\/images\/1769706438-3c661af6.webp"",""https:\/\/api.siodelhi.org\/uploads\/images\/1769706439-3c7cd468.webp""]}]","2026-01-29 17:02:29","2026-01-31 15:07:00"
"4597ad55-36db-4413-9fc7-a95dad676245","initiatives",NULL,"0","Local Leaders Camp 2025","Alhamdulillah, the Local Leaders Camp was conducted successfully. This camp was organized for the newly elected leaders of 2026, where important discussions were held on organizational culture, organizational work, and leadership development.

We pray to Allah that He grants our new leaders the ability to carry out the work of the organization in their respective units in the best possible way. Ameen.","<div class=""siodel-block block-composite"" data-layout=""image-top"" data-image-url=""https%3A%2F%2Fapi.siodelhi.org%2Fuploads%2Fimages%2F1769506121-5495c405.webp"" data-text-content=""%3Cp%3E%3Cspan%20style%3D%22color%3A%20rgb(248%2C%20249%2C%20249)%3B%20font-size%3A%2014px%3B%22%3EAlhamdulillah%2C%20the%20Local%20Leaders%20Camp%20was%20conducted%20successfully.%20This%20camp%20was%20organized%20for%20the%20newly%20elected%20leaders%20of%202026%2C%20where%20important%20discussions%20were%20held%20on%20organizational%20culture%2C%20organizational%20work%2C%20and%20leadership%20development.%3C%2Fspan%3E%3Cbr%3E%3Cbr%3E%3Cspan%20style%3D%22color%3A%20rgb(248%2C%20249%2C%20249)%3B%20font-size%3A%2014px%3B%22%3EWe%20pray%20to%20Allah%20that%20He%20grants%20our%20new%20leaders%20the%20ability%20to%20carry%20out%20the%20work%20of%20the%20organization%20in%20their%20respective%20units%20in%20the%20best%20possible%20way.%20Ameen.%3C%2Fspan%3E%3C%2Fp%3E"" data-images='[""https://api.siodelhi.org/uploads/images/1769506121-5495c405.webp""]'></div>","https://api.siodelhi.org/uploads/images/1769506010-4da80099.webp",NULL,"0",NULL,NULL,"default","1","1","[]",NULL,"[""https:\/\/api.siodelhi.org\/uploads\/images\/1769506141-55d578e1.webp"",""https:\/\/api.siodelhi.org\/uploads\/images\/1769506143-55f0050b.webp"",""https:\/\/api.siodelhi.org\/uploads\/images\/1769506144-5601d5f6.webp"",""https:\/\/api.siodelhi.org\/uploads\/images\/1769506145-56137704.webp"",""https:\/\/api.siodelhi.org\/uploads\/images\/1769506146-5621c858.webp"",""https:\/\/api.siodelhi.org\/uploads\/images\/1769506147-563302d5.webp"",""https:\/\/api.siodelhi.org\/uploads\/images\/1769506149-56564439.webp"",""https:\/\/api.siodelhi.org\/uploads\/images\/1769506151-56782a2a.webp"",""https:\/\/api.siodelhi.org\/uploads\/images\/1769506159-56f69143.webp"",""https:\/\/api.siodelhi.org\/uploads\/images\/1769506160-5708875d.webp"",""https:\/\/api.siodelhi.org\/uploads\/images\/1769506161-5718bcf1.webp"",""https:\/\/api.siodelhi.org\/uploads\/images\/1769506162-572b7c11.webp"",""https:\/\/api.siodelhi.org\/uploads\/images\/1769506164-57456239.webp"",""https:\/\/api.siodelhi.org\/uploads\/images\/1769506165-575775f2.webp"",""https:\/\/api.siodelhi.org\/uploads\/images\/1769506166-576464e8.webp""]","2026-01-27 09:31:27","2026-01-27 10:19:04"
"47571a1a-14de-424e-b286-c727ad103445","initiatives",NULL,"0","State Youth Conference","Soul Spark: Illuminate Ethics","<div class=""siodel-block block-composite"" data-layout=""image-top"" data-image-url=""https%3A%2F%2Fapi.siodelhi.org%2Fuploads%2Fimages%2F1769427237-12527758.webp"" data-text-content=""%3Cp%3ESIO%20Delhi%20proudly%20hosted%20the%20%3Cem%3EStudent%20Youth%20Conference%3C%2Fem%3E%20as%20part%20of%20SIO%20India%E2%80%99s%20nationwide%20campaign%20%3Cstrong%3E%E2%80%9CSoul%20Spark%3A%20Illuminate%20Ethics.%E2%80%9D%3C%2Fstrong%3E%20The%20conference%20brought%20together%20young%20minds%20from%20colleges%20and%20universities%20across%20Delhi%20to%20engage%20deeply%20with%20ethical%20leadership%2C%20moral%20responsibility%2C%20and%20purpose-driven%20action%20in%20today%E2%80%99s%20world.%20Through%20insightful%20talks%2C%20panel%20discussions%2C%20and%20interactive%20sessions%2C%20participants%20explored%20how%20ethical%20values%20can%20guide%20personal%20decisions%2C%20academic%20life%2C%20and%20community%20impact.%20The%20event%20reinforced%20the%20role%20of%20youth%20as%20ethical%20change-makers%2C%20inspiring%20attendees%20to%20translate%20inner%20conviction%20into%20meaningful%20contributions%20to%20society.%3C%2Fp%3E"" data-align=""left"" data-images='[""https://api.siodelhi.org/uploads/images/1769427237-12527758.webp""]'></div>","https://api.siodelhi.org/uploads/images/1769074299912-cropped-cover-1769074299911.webp",NULL,"0",NULL,NULL,"default","10","1",NULL,NULL,"[""https:\/\/api.siodelhi.org\/uploads\/images\/1769243113-1e9d6098.webp"",""https:\/\/api.siodelhi.org\/uploads\/images\/1769243114-1ea75c75.webp"",""https:\/\/api.siodelhi.org\/uploads\/images\/1769243114-1eaf27cc.webp"",""https:\/\/api.siodelhi.org\/uploads\/images\/1769243115-1eb69567.webp"",""https:\/\/api.siodelhi.org\/uploads\/images\/1769243115-1ebf3519.webp"",""https:\/\/api.siodelhi.org\/uploads\/images\/1769243116-1ec8b903.webp"",""https:\/\/api.siodelhi.org\/uploads\/images\/1769243117-1ed1bc88.webp"",""https:\/\/api.siodelhi.org\/uploads\/images\/1769243117-1ed8ce99.webp"",""https:\/\/api.siodelhi.org\/uploads\/images\/1769243118-1ee37706.webp"",""https:\/\/api.siodelhi.org\/uploads\/images\/1769243118-1eeac364.webp"",""https:\/\/api.siodelhi.org\/uploads\/images\/1769243119-1ef2a8f9.webp"",""https:\/\/api.siodelhi.org\/uploads\/images\/1769243119-1efc68e7.webp"",""https:\/\/api.siodelhi.org\/uploads\/images\/1769243120-1f0903e5.webp"",""https:\/\/api.siodelhi.org\/uploads\/images\/1769243121-1f1547fc.webp"",""https:\/\/api.siodelhi.org\/uploads\/images\/1769243121-1f1d1835.webp"",""https:\/\/api.siodelhi.org\/uploads\/images\/1769243122-1f26fda0.webp"",""https:\/\/api.siodelhi.org\/uploads\/images\/1769243122-1f2e992c.webp"",""https:\/\/api.siodelhi.org\/uploads\/images\/1769243123-1f37a410.webp"",""https:\/\/api.siodelhi.org\/uploads\/images\/1769243123-1f3ee10e.webp"",""https:\/\/api.siodelhi.org\/uploads\/images\/1769243124-1f476abd.webp"",""https:\/\/api.siodelhi.org\/uploads\/images\/1769243125-1f51b666.webp"",""https:\/\/api.siodelhi.org\/uploads\/images\/1769243125-1f57e1df.webp"",""https:\/\/api.siodelhi.org\/uploads\/images\/1769243126-1f60c7b5.webp"",""https:\/\/api.siodelhi.org\/uploads\/images\/1769243127-1f7108a6.webp"",""https:\/\/api.siodelhi.org\/uploads\/images\/1769243127-1f78e5c4.webp"",""https:\/\/api.siodelhi.org\/uploads\/images\/1769243128-1f85bef6.webp"",""https:\/\/api.siodelhi.org\/uploads\/images\/1769243128-1f8c2481.webp"",""https:\/\/api.siodelhi.org\/uploads\/images\/1769243129-1f96070b.webp"",""https:\/\/api.siodelhi.org\/uploads\/images\/1769243129-1f9babb5.webp"",""https:\/\/api.siodelhi.org\/uploads\/images\/1769243130-1fa5a600.webp"",""https:\/\/api.siodelhi.org\/uploads\/images\/1769243130-1fac7be1.webp"",""https:\/\/api.siodelhi.org\/uploads\/images\/1769243131-1fb3778c.webp"",""https:\/\/api.siodelhi.org\/uploads\/images\/1769243131-1fba9ded.webp"",""https:\/\/api.siodelhi.org\/uploads\/images\/1769243132-1fc2d963.webp"",""https:\/\/api.siodelhi.org\/uploads\/images\/1769243132-1fc966c9.webp"",""https:\/\/api.siodelhi.org\/uploads\/images\/1769243132-1fcf360d.webp"",""https:\/\/api.siodelhi.org\/uploads\/images\/1769243133-1fd65950.webp"",""https:\/\/api.siodelhi.org\/uploads\/images\/1769243133-1fdc0e62.webp"",""https:\/\/api.siodelhi.org\/uploads\/images\/1769243134-1fe510cd.webp"",""https:\/\/api.siodelhi.org\/uploads\/images\/1769243134-1feb0dde.webp"",""https:\/\/api.siodelhi.org\/uploads\/images\/1769243135-1ff73246.webp"",""https:\/\/api.siodelhi.org\/uploads\/images\/1769243136-20015980.webp"",""https:\/\/api.siodelhi.org\/uploads\/images\/1769243136-200a3515.webp"",""https:\/\/api.siodelhi.org\/uploads\/images\/1769243137-20110920.webp"",""https:\/\/api.siodelhi.org\/uploads\/images\/1769243137-20186112.webp"",""https:\/\/api.siodelhi.org\/uploads\/images\/1769243138-2021bcd6.webp"",""https:\/\/api.siodelhi.org\/uploads\/images\/1769243138-20288f13.webp"",""https:\/\/api.siodelhi.org\/uploads\/images\/1769243138-202ee8f5.webp"",""https:\/\/api.siodelhi.org\/uploads\/images\/1769243139-20383f1b.webp""]","2026-01-22 00:00:00","2026-01-29 17:08:52"
"4e7d4c8b-35a6-45dc-ac21-4f8bfbe56029","nodess",NULL,"0","adsfadsf","fasdf","<div class=""siodel-block block-text"" data-align=""left""></div>","https://api.siodelhi.org/uploads/images/1769001466417-cropped-cover-1769001466417.webp",NULL,"0",NULL,NULL,"default","0","1","[]","https://api.siodelhi.org/uploads/images/1769001207151-bismillah.webp","[]","2026-01-21 00:00:00","2026-01-21 13:17:51"
"515cab22-19ab-4ab5-a0d0-df9e9d71185f","nodes",NULL,"0","Fahem Reading Club",NULL,"<div class=""siodel-block block-text"" data-align=""left""><p><strong>Fahem Reading Club</strong> is the reading and intellectual development node of <strong>Students Islamic Organisation (SIO) Delhi</strong>, established to cultivate a strong culture of reading, reflection, and critical inquiry among students. Fahem provides a structured space for engaging with books, ideas, and texts that shape thought, character, and worldview.</p><p>As a node of SIO Delhi, Fahem focuses on <strong>collective reading, book discussions, study circles, and guided intellectual engagements</strong> covering literature, history, social issues, philosophy, and contemporary concerns. The club encourages participants not just to read, but to <strong>understand, analyse, and question</strong>, fostering intellectual clarity and depth.</p><p>Fahem believes that informed minds are essential for meaningful change. Through its activities, the reading club aims to develop disciplined readers, thoughtful speakers, and socially aware individuals—contributing to SIO Delhi’s larger mission of conscious student leadership and constructive societal engagement.</p></div>","https://api.siodelhi.org/uploads/images/1769030180386-cropped-cover-1769030180385.webp",NULL,"0",NULL,NULL,"default","2","1",NULL,"https://api.siodelhi.org/uploads/images/1769449575-867c826d.webp",NULL,"2026-01-21 00:00:00","2026-01-30 14:41:43"
"5519c085-9e5e-441d-89df-d5b24e4929ff","about",NULL,"1","Constitution","Dive into Our Constitution",,"https://api.siodelhi.org/uploads/images/1769177497959-cropped-image-1769177497958.webp",NULL,"0",NULL,NULL,"custom","1","1","[]",NULL,NULL,"2026-01-20 00:00:00","2026-01-24 09:53:35"
"5c47ccc7-f5ef-44eb-ad17-f9b1b99fdc91","initiatives",NULL,"0","43rd Foundation of SIO","SIO Delhi commemorated the 43rd Foundation Day of the Students Islamic Organisation of India by reflecting on its decades-long journey of student activism, ethical leadership, and nation-building. The occasion served as a moment to revisit the organisation’s vision, ideological foundations, and continued commitment to nurturing socially responsible and value-driven youth. Through programs, discussions, and outreach activities, members and associates reaffirmed their dedication to the ideals of j","<div class=""siodel-block block-composite"" data-layout=""image-top"" data-image-url=""https%3A%2F%2Fapi.siodelhi.org%2Fuploads%2Fimages%2F1769427451-1fbe6f83.webp"" data-text-content=""%3Cp%3ESIO%20Delhi%20commemorated%20the%20%3Cstrong%3E43rd%20Foundation%20Day%20of%20the%20Students%20Islamic%20Organisation%20of%20India%3C%2Fstrong%3E%20by%20reflecting%20on%20its%20decades-long%20journey%20of%20student%20activism%2C%20ethical%20leadership%2C%20and%20nation-building.%20The%20occasion%20served%20as%20a%20moment%20to%20revisit%20the%20organisation%E2%80%99s%20vision%2C%20ideological%20foundations%2C%20and%20continued%20commitment%20to%20nurturing%20socially%20responsible%20and%20value-driven%20youth.%20Through%20programs%2C%20discussions%2C%20and%20outreach%20activities%2C%20members%20and%20associates%20reaffirmed%20their%20dedication%20to%20the%20ideals%20of%20justice%2C%20integrity%2C%20and%20constructive%20engagement%2C%20carrying%20forward%20SIO%E2%80%99s%20legacy%20with%20renewed%20clarity%20and%20purpose.%3C%2Fp%3E"" data-align=""left"" data-images='[""https://api.siodelhi.org/uploads/images/1769427451-1fbe6f83.webp""]'></div>","https://api.siodelhi.org/uploads/images/1769167224555-cropped-cover-1769167224555.webp",NULL,"0",NULL,NULL,"default","6","1",NULL,NULL,"[""https:\/\/api.siodelhi.org\/uploads\/images\/1769244381-6dd9353c.webp"",""https:\/\/api.siodelhi.org\/uploads\/images\/1769244382-6de01148.webp"",""https:\/\/api.siodelhi.org\/uploads\/images\/1769244382-6deb47d6.webp"",""https:\/\/api.siodelhi.org\/uploads\/images\/1769244383-6df18401.webp"",""https:\/\/api.siodelhi.org\/uploads\/images\/1769244383-6dfd29dc.webp"",""https:\/\/api.siodelhi.org\/uploads\/images\/1769244405-6f544014.webp"",""https:\/\/api.siodelhi.org\/uploads\/images\/1769244407-6f77fa0d.webp"",""https:\/\/api.siodelhi.org\/uploads\/images\/1769244409-6f9a8309.webp"",""https:\/\/api.siodelhi.org\/uploads\/images\/1769244412-6fc0d3c7.webp"",""https:\/\/api.siodelhi.org\/uploads\/images\/1769244413-6fd6dba7.webp"",""https:\/\/api.siodelhi.org\/uploads\/images\/1769244414-6feee411.webp"",""https:\/\/api.siodelhi.org\/uploads\/images\/1769244416-700a0c10.webp"",""https:\/\/api.siodelhi.org\/uploads\/images\/1769244417-70192c6d.webp"",""https:\/\/api.siodelhi.org\/uploads\/images\/1769244418-702643df.webp"",""https:\/\/api.siodelhi.org\/uploads\/images\/1769244419-7038374e.webp"",""https:\/\/api.siodelhi.org\/uploads\/images\/1769244420-7044d1db.webp""]","2026-01-23 00:00:00","2026-01-29 17:09:08"
"617c81bd-0b38-42e6-8da8-3f481f1a86ae","initiatives",NULL,"0","Maulana Maududi Lecture-09","SIO Delhi successfully organized the 9th ""Imam Maududi Memorial Lecture"" at the Indian Institute of Islamic Studies and Research, focusing on ""The Idea of Islamic Civilization in the Quest for Islamic Revival."" The event explored Maulana Maududi's enduring ideas in addressing modern challenges.

The keynote lecture was delivered by Dr. M Zaki Kirmani , a renowned author and Director of Averreos Academy , Aligarh while the presidential talk was presented by Syed Sadatullah Husaini, Ameer, Jammat ","<div class=""siodel-block block-composite"" data-layout=""image-top"" data-image-url=""https%3A%2F%2Fapi.siodelhi.org%2Fuploads%2Fimages%2F1769427364-1a419eb3.webp"" data-text-content=""%3Cp%3E%3Cspan%20style%3D%22color%3A%20rgb(248%2C%20249%2C%20249)%3B%20font-size%3A%2014px%3B%22%3ESIO%20Delhi%20successfully%20organized%20the%209th%20%22Imam%20Maududi%20Memorial%20Lecture%22%20at%20the%20Indian%20Institute%20of%20Islamic%20Studies%20and%20Research%2C%20focusing%20on%20%22The%20Idea%20of%20Islamic%20Civilization%20in%20the%20Quest%20for%20Islamic%20Revival.%22%20The%20event%20explored%20Maulana%20Maududi's%20enduring%20ideas%20in%20addressing%20modern%20challenges.%3C%2Fspan%3E%3Cbr%3E%3Cbr%3E%3Cspan%20style%3D%22color%3A%20rgb(248%2C%20249%2C%20249)%3B%20font-size%3A%2014px%3B%22%3EThe%20keynote%20lecture%20was%20delivered%20by%20Dr.%20M%20Zaki%20Kirmani%20%2C%20a%20renowned%20author%20and%20Director%20of%20Averreos%20Academy%20%2C%20Aligarh%20while%20the%20presidential%20talk%20was%20presented%20by%20Syed%20Sadatullah%20Husaini%2C%20Ameer%2C%20Jammat%20e%20islami%20Hind.%3C%2Fspan%3E%3Cbr%3E%3Cbr%3E%3Cspan%20style%3D%22color%3A%20rgb(248%2C%20249%2C%20249)%3B%20font-size%3A%2014px%3B%22%3EThe%20program%20featured%20speeches%20by%20Haris%20Neyazi%20(SIO%20Delhi%20President)%2C%20and%20Hammad%20ur%20Rehman%20(ZAC%2C%20SIO%20Delhi)%2C%20and%20Moderated%20by%20Br%20Nauman(Unit%20President%20%2C%20IIISR).%20The%20event%20witnessed%20vibrant%20participation%20from%20students%2C%20academics%2C%20and%20the%20public.%3C%2Fspan%3E%3C%2Fp%3E"" data-align=""left"" data-images='[""https://api.siodelhi.org/uploads/images/1769427364-1a419eb3.webp""]'></div>","https://api.siodelhi.org/uploads/images/1769081922765-cropped-cover-1769081922765.webp",NULL,"0",NULL,NULL,"default","3","1",NULL,NULL,"[""https:\/\/api.siodelhi.org\/uploads\/images\/1769243707-43b78216.webp"",""https:\/\/api.siodelhi.org\/uploads\/images\/1769243709-43d3c7bf.webp"",""https:\/\/api.siodelhi.org\/uploads\/images\/1769243711-43faa0f1.webp"",""https:\/\/api.siodelhi.org\/uploads\/images\/1769243714-44277a1b.webp"",""https:\/\/api.siodelhi.org\/uploads\/images\/1769243715-443b36be.webp"",""https:\/\/api.siodelhi.org\/uploads\/images\/1769243717-44529388.webp"",""https:\/\/api.siodelhi.org\/uploads\/images\/1769243718-44685e9a.webp"",""https:\/\/api.siodelhi.org\/uploads\/images\/1769243721-4498850b.webp"",""https:\/\/api.siodelhi.org\/uploads\/images\/1769243723-44bbd5c0.webp"",""https:\/\/api.siodelhi.org\/uploads\/images\/1769243725-44d43ce1.webp""]","2026-01-22 00:00:00","2026-01-27 09:31:47"
"680bee0d-d01f-4f3a-9685-bc63299e0598","initiatives",NULL,"0","Sumood - Academic Conference","SIO Delhi organized Sumood - Academic Conference as a platform to engage students and academicians with critical academic discourse rooted in ethical clarity and social responsibility. The conference brought together scholars, students, and professionals to deliberate on contemporary academic challenges, educational policy, and the role of knowledge in shaping just and resilient societies. Through lectures, panel discussions, and research-oriented sessions, Sumood encouraged rigorous thinking, i","<div class=""siodel-block block-composite"" data-layout=""image-top"" data-image-url=""https%3A%2F%2Fapi.siodelhi.org%2Fuploads%2Fimages%2F1769427429-1e54fe72.webp"" data-text-content=""%3Cp%20style%3D%22text-align%3A%20left%3B%22%3ESIO%20Delhi%20organized%20%3Cstrong%3ESumood%20-%20Academic%20Conference%3C%2Fstrong%3E%20as%20a%20platform%20to%20engage%20students%20and%20academicians%20with%20critical%20academic%20discourse%20rooted%20in%20ethical%20clarity%20and%20social%20responsibility.%20The%20conference%20brought%20together%20scholars%2C%20students%2C%20and%20professionals%20to%20deliberate%20on%20contemporary%20academic%20challenges%2C%20educational%20policy%2C%20and%20the%20role%20of%20knowledge%20in%20shaping%20just%20and%20resilient%20societies.%20Through%20lectures%2C%20panel%20discussions%2C%20and%20research-oriented%20sessions%2C%20%3Cem%3ESumood%3C%2Fem%3E%20encouraged%20rigorous%20thinking%2C%20intellectual%20integrity%2C%20and%20principled%20academic%20engagement.%20The%20conference%20reaffirmed%20the%20importance%20of%20steadfastness%20(%3Cem%3ESumood%3C%2Fem%3E)%20in%20the%20pursuit%20of%20knowledge%2C%20truth%2C%20and%20academic%20excellence.%3C%2Fp%3E"" data-align=""left"" data-images='[""https://api.siodelhi.org/uploads/images/1769427429-1e54fe72.webp""]'></div>","https://api.siodelhi.org/uploads/images/1769263984-370a5d2f.webp",NULL,"0",NULL,NULL,"default","5","1",NULL,NULL,"[""https:\/\/api.siodelhi.org\/uploads\/images\/1769264073-3c94d357.webp"",""https:\/\/api.siodelhi.org\/uploads\/images\/1769264073-3c98e3cd.webp"",""https:\/\/api.siodelhi.org\/uploads\/images\/1769264073-3c9d087a.webp"",""https:\/\/api.siodelhi.org\/uploads\/images\/1769264074-3ca1deb4.webp"",""https:\/\/api.siodelhi.org\/uploads\/images\/1769264074-3ca5f1af.webp"",""https:\/\/api.siodelhi.org\/uploads\/images\/1769264074-3caa0989.webp"",""https:\/\/api.siodelhi.org\/uploads\/images\/1769264074-3cae01c6.webp"",""https:\/\/api.siodelhi.org\/uploads\/images\/1769264075-3cb2e95f.webp"",""https:\/\/api.siodelhi.org\/uploads\/images\/1769264075-3cb6fb92.webp"",""https:\/\/api.siodelhi.org\/uploads\/images\/1769264075-3cbadd03.webp"",""https:\/\/api.siodelhi.org\/uploads\/images\/1769264075-3cbeea06.webp"",""https:\/\/api.siodelhi.org\/uploads\/images\/1769264076-3cc3eb6f.webp"",""https:\/\/api.siodelhi.org\/uploads\/images\/1769264076-3cc7ff99.webp"",""https:\/\/api.siodelhi.org\/uploads\/images\/1769264076-3ccbdce6.webp"",""https:\/\/api.siodelhi.org\/uploads\/images\/1769264077-3cd0c098.webp"",""https:\/\/api.siodelhi.org\/uploads\/images\/1769264077-3cd4dbf5.webp"",""https:\/\/api.siodelhi.org\/uploads\/images\/1769264077-3cd8c48d.webp"",""https:\/\/api.siodelhi.org\/uploads\/images\/1769264077-3cdce836.webp"",""https:\/\/api.siodelhi.org\/uploads\/images\/1769264078-3ce18c47.webp"",""https:\/\/api.siodelhi.org\/uploads\/images\/1769264078-3ce5891e.webp"",""https:\/\/api.siodelhi.org\/uploads\/images\/1769264078-3ce9f2e5.webp"",""https:\/\/api.siodelhi.org\/uploads\/images\/1769264078-3cee423d.webp"",""https:\/\/api.siodelhi.org\/uploads\/images\/1769264079-3cf33771.webp"",""https:\/\/api.siodelhi.org\/uploads\/images\/1769264079-3cf8d1fc.webp"",""https:\/\/api.siodelhi.org\/uploads\/images\/1769264079-3cfcea79.webp"",""https:\/\/api.siodelhi.org\/uploads\/images\/1769264080-3d01d67c.webp"",""https:\/\/api.siodelhi.org\/uploads\/images\/1769264080-3d05feb7.webp"",""https:\/\/api.siodelhi.org\/uploads\/images\/1769264080-3d0a0c1c.webp"",""https:\/\/api.siodelhi.org\/uploads\/images\/1769264080-3d0dff1f.webp"",""https:\/\/api.siodelhi.org\/uploads\/images\/1769264081-3d12d4c4.webp"",""https:\/\/api.siodelhi.org\/uploads\/images\/1769264081-3d16eed7.webp"",""https:\/\/api.siodelhi.org\/uploads\/images\/1769264081-3d1b0993.webp"",""https:\/\/api.siodelhi.org\/uploads\/images\/1769264081-3d1efe56.webp"",""https:\/\/api.siodelhi.org\/uploads\/images\/1769264082-3d23a243.webp"",""https:\/\/api.siodelhi.org\/uploads\/images\/1769264082-3d2917cb.webp"",""https:\/\/api.siodelhi.org\/uploads\/images\/1769264082-3d2d1571.webp"",""https:\/\/api.siodelhi.org\/uploads\/images\/1769264083-3d31b596.webp""]","2026-01-24 14:14:52","2026-01-27 10:08:46"
"6dc4ddea-fd89-4a87-bcbe-8d89f32beccf","about","5519c085-9e5e-441d-89df-d5b24e4929ff","0","Hindi","Dive into Our Constitution","<div class=""siodel-block block-pdf"" data-pdf-url=""https://api.siodelhi.org/uploads/pdfs/1768850436652-Hindi-constitution.pdf""></div>","https://api.siodelhi.org/uploads/images/1769169694345-cropped-cover-1769169694345.webp","https://api.siodelhi.org/uploads/pdfs/1768850436652-Hindi-constitution.pdf","0",NULL,NULL,"default","2","1","[]",NULL,"[]","2026-01-17 00:00:00","2026-01-23 12:01:36"
"6fdbb434-8123-4b55-b5cd-11b3df0ece06","about","78025a68-4e9c-43c2-8cea-1eeed310be76","0","Caravan 2025",NULL,"<div class=""siodel-block block-pdf"" data-pdf-url=""https://api.siodelhi.org/uploads/pdfs/1769085272222-CARAVAN%202025.pdf""></div>","https://api.siodelhi.org/uploads/images/1769085289260-cropped-cover-1769085289260.webp","https://api.siodelhi.org/uploads/pdfs/1769085272222-CARAVAN%202025.pdf","0",NULL,NULL,"default","0","1","[]",NULL,"[]","2026-01-22 12:34:57","2026-01-28 13:25:53"
"73fbcb74-1ca7-4a42-804b-4a70ffa521e3","jac",NULL,"0","Rihlah - Summer Islamic Camp 2025","The Summer Islamic Camp organized by Students Islamic Organisation (SIO), Delhi is a Summer Islamic Camp 2025purposeful initiative aimed at nurturing the intellectual, spiritual, and moral development of young minds during the summer break. In a time when distractions are many, the camp provides a healthy, value-based environment where participants can grow with clarity, confidence, and consciousness of their responsibilities as individuals and members of society.","<div class=""siodel-block block-composite"" data-layout=""image-top"" data-image-url=""https%3A%2F%2Fapi.siodelhi.org%2Fuploads%2Fimages%2F1769427960-3f84655b.webp"" data-text-content=""%3Cp%20style%3D%22text-align%3A%20left%3B%22%3E%3Cspan%20style%3D%22font-size%3A%201rem%3B%22%3EThe%20Summer%20Islamic%20Camp%20organized%20by%20Students%20Islamic%20Organisation%20(SIO)%2C%20Delhi%20is%20a%20purposeful%20initiative%20aimed%20at%20nurturing%20the%20intellectual%2C%20spiritual%2C%20and%20moral%20development%20of%20young%20minds%20during%20the%20summer%20break.%20In%20a%20time%20when%20distractions%20are%20many%2C%20the%20camp%20provides%20a%20healthy%2C%20value-based%20environment%20where%20participants%20can%20grow%20with%20clarity%2C%20confidence%2C%20and%20consciousness%20of%20their%20responsibilities%20as%20individuals%20and%20members%20of%20society.%3C%2Fspan%3E%3C%2Fp%3E%3Cp%20style%3D%22text-align%3A%20left%3B%22%3E%3Cspan%20style%3D%22font-size%3A%201rem%3B%22%3EThe%20camp%20focuses%20on%20strengthening%20Islamic%20understanding%20and%20character%20(tarbiyah)%20through%20interactive%20sessions%20on%20the%20Qur%E2%80%99an%2C%20Seerah%20of%20Prophet%20Muhammad%20%EF%B7%BA%2C%20and%20core%20Islamic%20values.%20These%20sessions%20are%20designed%20not%20as%20one-way%20lectures%2C%20but%20as%20engaging%20discussions%20that%20encourage%20reflection%2C%20questioning%2C%20and%20practical%20application%20in%20daily%20life.%3C%2Fspan%3E%3C%2Fp%3E%3Cp%20style%3D%22text-align%3A%20left%3B%22%3E%3Cspan%20style%3D%22font-size%3A%201rem%3B%22%3EAlong%20with%20spiritual%20enrichment%2C%20special%20emphasis%20is%20laid%20on%20personality%20development%2C%20leadership%20skills%2C%20and%20collective%20living.%20Through%20group%20tasks%2C%20workshops%2C%20and%20guided%20activities%2C%20participants%20learn%20the%20importance%20of%20discipline%2C%20teamwork%2C%20time%20management%2C%20and%20social%20responsibility.%20The%20camp%20also%20creates%20space%20for%20idea%20and%20experience%20exchange%2C%20allowing%20students%20to%20learn%20from%20one%20another%20in%20a%20spirit%20of%20brotherhood.%3C%2Fspan%3E%3C%2Fp%3E%3Cp%20style%3D%22text-align%3A%20left%3B%22%3E%3Cspan%20style%3D%22font-size%3A%201rem%3B%22%3ETo%20ensure%20a%20balanced%20and%20enjoyable%20experience%2C%20the%20camp%20includes%20sports%2C%20team%20games%2C%20quizzes%2C%20and%20creative%20activities%2C%20helping%20participants%20relax%2C%20build%20bonds%2C%20and%20develop%20a%20healthy%20body%E2%80%93mind%20connection.%20These%20activities%20are%20carefully%20integrated%20with%20learning%20goals%2C%20making%20the%20camp%20both%20refreshing%20and%20meaningful.%3C%2Fspan%3E%3C%2Fp%3E%3Cp%20style%3D%22text-align%3A%20left%3B%22%3E%3Cspan%20style%3D%22font-size%3A%201rem%3B%22%3EOverall%2C%20the%20SIO%20Delhi%20Summer%20Islamic%20Camp%20is%20not%20just%20a%20seasonal%20program%20but%20a%20transformative%20experience%20that%20helps%20young%20individuals%20reconnect%20with%20their%20faith%2C%20discover%20their%20potential%2C%20and%20prepare%20themselves%20to%20contribute%20positively%20to%20society.%20It%20is%20an%20opportunity%20to%20spend%20the%20summer%20in%20a%20way%20that%20is%20productive%2C%20inspiring%2C%20and%20spiritually%20uplifting%3C%2Fspan%3E%3C%2Fp%3E"" data-align=""left"" data-images='[""https://api.siodelhi.org/uploads/images/1769427960-3f84655b.webp""]'></div>","https://api.siodelhi.org/uploads/images/1769182171760-cropped-cover-1769182171760.webp",NULL,"0",NULL,NULL,"default","1","1",NULL,NULL,"[""https:\/\/api.siodelhi.org\/uploads\/images\/1769186808710-SnapInsta.to_501817145_18314730478230130_7545258162583698944_n.webp"",""https:\/\/api.siodelhi.org\/uploads\/images\/1769186810380-SnapInsta.to_501675858_18314730490230130_2713649779481199118_n.webp"",""https:\/\/api.siodelhi.org\/uploads\/images\/1769186810863-SnapInsta.to_500753014_18314730499230130_3520514832690442391_n.webp"",""https:\/\/api.siodelhi.org\/uploads\/images\/1769186811462-SnapInsta.to_500915599_18314730487230130_2306794140733832285_n.webp"",""https:\/\/api.siodelhi.org\/uploads\/images\/1769186811979-SnapInsta.to_500978539_18314730502230130_7613412282224028420_n.webp"",""https:\/\/api.siodelhi.org\/uploads\/images\/1769186812547-SnapInsta.to_501257396_18314730511230130_5006943922415418152_n.webp"",""https:\/\/api.siodelhi.org\/uploads\/images\/1769186813172-SnapInsta.to_500953843_18314730514230130_4210297765546218907_n.webp"",""https:\/\/api.siodelhi.org\/uploads\/images\/1769186813855-SnapInsta.to_501526753_18314730466230130_5434573880598376740_n.webp"",""https:\/\/api.siodelhi.org\/uploads\/images\/1769186814434-SnapInsta.to_501588600_18314730442230130_4305303144330723395_n.webp"",""https:\/\/api.siodelhi.org\/uploads\/images\/1769186815138-SnapInsta.to_500911188_18314730439230130_6420116032669993572_n.webp"",""https:\/\/api.siodelhi.org\/uploads\/images\/1769186815759-SnapInsta.to_501452233_18276832423257818_1866883159111308106_n.webp"",""https:\/\/api.siodelhi.org\/uploads\/images\/1769186816470-SnapInsta.to_501628037_18276832414257818_7118684498415446840_n.webp"",""https:\/\/api.siodelhi.org\/uploads\/images\/1769186817073-SnapInsta.to_501224830_18276832402257818_8817550675063026708_n.webp"",""https:\/\/api.siodelhi.org\/uploads\/images\/1769186817698-SnapInsta.to_501091315_18276832390257818_3488897736786113910_n.webp"",""https:\/\/api.siodelhi.org\/uploads\/images\/1769186818117-SnapInsta.to_501904747_18276832381257818_1833037611055925108_n.webp"",""https:\/\/api.siodelhi.org\/uploads\/images\/1769186818542-SnapInsta.to_501604495_18276832372257818_896778017651624995_n.webp"",""https:\/\/api.siodelhi.org\/uploads\/images\/1769186818969-SnapInsta.to_501426589_18276832360257818_8326110585780118651_n.webp"",""https:\/\/api.siodelhi.org\/uploads\/images\/1769186819549-SnapInsta.to_501243854_18276832351257818_1240619513695506944_n.webp"",""https:\/\/api.siodelhi.org\/uploads\/images\/1769186820028-SnapInsta.to_500942224_18276832339257818_2281390183718798333_n.webp"",""https:\/\/api.siodelhi.org\/uploads\/images\/1769186820549-SnapInsta.to_501533230_18276921376257818_7563500335546041271_n.webp"",""https:\/\/api.siodelhi.org\/uploads\/images\/1769186821041-SnapInsta.to_502022280_18276921367257818_415190915441429079_n.webp"",""https:\/\/api.siodelhi.org\/uploads\/images\/1769186821480-SnapInsta.to_501971144_18276921358257818_83298115999983091_n.webp"",""https:\/\/api.siodelhi.org\/uploads\/images\/1769186822208-SnapInsta.to_501293521_18276921349257818_3204335276461732417_n.webp"",""https:\/\/api.siodelhi.org\/uploads\/images\/1769186822753-SnapInsta.to_501615119_18276921340257818_3867785239861478043_n.webp"",""https:\/\/api.siodelhi.org\/uploads\/images\/1769186823216-SnapInsta.to_501367148_18276921322257818_3076495530697149404_n.webp"",""https:\/\/api.siodelhi.org\/uploads\/images\/1769186823643-SnapInsta.to_501916964_18276921331257818_1448513378885706243_n.webp"",""https:\/\/api.siodelhi.org\/uploads\/images\/1769186824217-SnapInsta.to_503177529_18277341265257818_459301835865040402_n.webp"",""https:\/\/api.siodelhi.org\/uploads\/images\/1769186824826-SnapInsta.to_503032091_18277341253257818_3591101554968914834_n.webp"",""https:\/\/api.siodelhi.org\/uploads\/images\/1769186825429-SnapInsta.to_503136088_18277341244257818_8570714147671192144_n.webp"",""https:\/\/api.siodelhi.org\/uploads\/images\/1769186826303-SnapInsta.to_503021456_18277341241257818_6255162509646999820_n.webp"",""https:\/\/api.siodelhi.org\/uploads\/images\/1769186826959-SnapInsta.to_502950263_18277341226257818_8677134187064391300_n.webp"",""https:\/\/api.siodelhi.org\/uploads\/images\/1769186827605-SnapInsta.to_503032388_18277341217257818_4223027920865228874_n.webp"",""https:\/\/api.siodelhi.org\/uploads\/images\/1769186828185-SnapInsta.to_503127293_18277341208257818_8618279182770426626_n.webp"",""https:\/\/api.siodelhi.org\/uploads\/images\/1769186828820-SnapInsta.to_503712586_18277434412257818_4866520667875964510_n.webp"",""https:\/\/api.siodelhi.org\/uploads\/images\/1769186829474-SnapInsta.to_503342744_18277434403257818_2701884497992124972_n.webp"",""https:\/\/api.siodelhi.org\/uploads\/images\/1769186829915-SnapInsta.to_503102562_18277434394257818_3158309587466932365_n.webp"",""https:\/\/api.siodelhi.org\/uploads\/images\/1769186830414-SnapInsta.to_503178089_18277434385257818_638148040779479227_n.webp"",""https:\/\/api.siodelhi.org\/uploads\/images\/1769186830858-SnapInsta.to_503310017_18277434376257818_7304853188377141577_n.webp"",""https:\/\/api.siodelhi.org\/uploads\/images\/1769186831336-SnapInsta.to_504273107_18277865068257818_3811770970782843858_n.webp"",""https:\/\/api.siodelhi.org\/uploads\/images\/1769186831777-SnapInsta.to_504208795_18277865059257818_4757822858415110845_n.webp"",""https:\/\/api.siodelhi.org\/uploads\/images\/1769186832252-SnapInsta.to_504086868_18277865050257818_3543470393909015617_n.webp"",""https:\/\/api.siodelhi.org\/uploads\/images\/1769186832679-SnapInsta.to_504151854_18277865041257818_1764326581012890266_n.webp"",""https:\/\/api.siodelhi.org\/uploads\/images\/1769186833106-SnapInsta.to_504203082_18277865032257818_3314997264576510530_n.webp"",""https:\/\/api.siodelhi.org\/uploads\/images\/1769186833554-SnapInsta.to_504130986_18277865023257818_3845195162669155505_n.webp"",""https:\/\/api.siodelhi.org\/uploads\/images\/1769186834095-SnapInsta.to_504412746_18277865014257818_3802133277309194242_n.webp"",""https:\/\/api.siodelhi.org\/uploads\/images\/1769186834557-SnapInsta.to_515044430_622614103581564_1467327760509422677_n.webp"",""https:\/\/api.siodelhi.org\/uploads\/images\/1769186835038-SnapInsta.to_504725839_23943095005299688_2410770122709050562_n.webp"",""https:\/\/api.siodelhi.org\/uploads\/images\/1769186835710-SnapInsta.to_514428550_616352714261088_3718323601873729613_n.webp"",""https:\/\/api.siodelhi.org\/uploads\/images\/1769186836203-SnapInsta.to_514510788_1435475161207292_2734208660828345703_n.webp"",""https:\/\/api.siodelhi.org\/uploads\/images\/1769186836876-SnapInsta.to_514876087_2261556940962230_4642199735920201532_n.webp"",""https:\/\/api.siodelhi.org\/uploads\/images\/1769186838036-SnapInsta.to_514921820_1263125175526887_2033700779880995996_n.webp"",""https:\/\/api.siodelhi.org\/uploads\/images\/1769186838749-SnapInsta.to_514616925_2422614108107905_5569164634231658386_n.webp"",""https:\/\/api.siodelhi.org\/uploads\/images\/1769186839489-SnapInsta.to_513963338_1227806641851114_7524114291877741482_n.webp"",""https:\/\/api.siodelhi.org\/uploads\/images\/1769186840076-SnapInsta.to_515271678_708672272326869_1664969847508557635_n.webp"",""https:\/\/api.siodelhi.org\/uploads\/images\/1769186840712-SnapInsta.to_514378561_1812307806297767_2918046961227832428_n.webp"",""https:\/\/api.siodelhi.org\/uploads\/images\/1769186841219-SnapInsta.to_514646012_1263322772164433_9043475082814393887_n.webp"",""https:\/\/api.siodelhi.org\/uploads\/images\/1769186841663-SnapInsta.to_514611739_1382441479648422_8157844051279202377_n.webp"",""https:\/\/api.siodelhi.org\/uploads\/images\/1769186842129-SnapInsta.to_514101845_711681061743341_7794728782441581700_n.webp"",""https:\/\/api.siodelhi.org\/uploads\/images\/1769186842573-SnapInsta.to_514601980_3936967626555322_5873761286037225934_n.webp"",""https:\/\/api.siodelhi.org\/uploads\/images\/1769186843059-SnapInsta.to_514699801_1916083439189476_2351963791126894294_n.webp"",""https:\/\/api.siodelhi.org\/uploads\/images\/1769186843698-SnapInsta.to_514045026_1349702720361058_6428441293712329651_n.webp"",""https:\/\/api.siodelhi.org\/uploads\/images\/1769186844161-SnapInsta.to_514487507_591411756998083_934078264281052891_n.webp"",""https:\/\/api.siodelhi.org\/uploads\/images\/1769186844656-SnapInsta.to_515266502_1068119198620382_3399517736601878196_n.webp"",""https:\/\/api.siodelhi.org\/uploads\/images\/1769186845317-SnapInsta.to_515068568_1058381079824287_5066551116770307067_n.webp"",""https:\/\/api.siodelhi.org\/uploads\/images\/1769186845989-SnapInsta.to_515546656_1909680609843825_9137902605820717903_n.webp"",""https:\/\/api.siodelhi.org\/uploads\/images\/1769186846462-SnapInsta.to_514632969_1056349490014014_951483236417768077_n.webp"",""https:\/\/api.siodelhi.org\/uploads\/images\/1769186847001-SnapInsta.to_514461272_1439973243800314_1652707420397409279_n.webp"",""https:\/\/api.siodelhi.org\/uploads\/images\/1769186847451-SnapInsta.to_514466144_574586772177137_8466974300911682919_n.webp"",""https:\/\/api.siodelhi.org\/uploads\/images\/1769186848052-SnapInsta.to_515471591_1092567026076295_3631805414882083146_n.webp"",""https:\/\/api.siodelhi.org\/uploads\/images\/1769186848737-SnapInsta.to_515765534_1227327809092526_752126464740244808_n.webp"",""https:\/\/api.siodelhi.org\/uploads\/images\/1769186849159-SnapInsta.to_516188866_695750300028650_7020771086794113250_n.webp"",""https:\/\/api.siodelhi.org\/uploads\/images\/1769186849723-SnapInsta.to_515268766_1108050177806649_565612096748505368_n.webp""]","2026-01-22 00:00:00","2026-01-31 15:26:48"
"752856fc-4c14-4aac-b804-a2e5ff245622","media",NULL,"0","SIO Delhi Strongly Condemns the Brutal Attack on Students at Delhi University",NULL,"<div class=""siodel-block block-text""><p>SIO Delhi strongly condemns the unprovoked attack and detention of students by ABVP members and the Delhi Police during a peaceful solidarity gathering for Palestine today at the University of Delhi. A joint protest was scheduled to commence from the Arts Faculty, where students from various organizations, including SIO, Fraternity Movement, and other student organizations were to assemble in support of the people of Palestine and to demand an end to the ongoing genocide in Gaza.</p><p>SIO Delhi unequivocally condemns this act of violence and repression. We call for the immediate release of all detained students and demand accountability from the authorities responsible for this shameful act. SIO Delhi reaffirms its commitment to stand with the oppressed people of Palestine and its resolve to defend the democratic right to protest within university spaces.</p></div>","https://api.siodelhi.org/uploads/images/1769029691285-cropped-cover-1769029691285.webp",NULL,"0",NULL,NULL,"default","3","1","[]",NULL,"[]","2025-10-09 00:00:00","2026-01-24 09:43:32"
"7551b12f-72a2-47de-83f6-a4837836b0f1","--",NULL,"0","dvwsbdv",NULL,"<div class=""siodel-block block-text""><p>sakjzfougaesZ</p></div>",NULL,NULL,"0",NULL,NULL,"default",NULL,"1","[]",NULL,"[]","2026-01-21 21:24:47","2026-01-21 21:24:47"
"75e65ff7-55ef-45be-a936-d574f0c9fb58","jac",NULL,"0","Ramadan Get-Together","SIO Stars Organised statewide Iftar Get-Together of JAC. Throughout the Campaign almost 25 units organised various programs where children were enriched with divine guidance...

In 2025 Ramadan SIO Stars reached approx 3000 students from every corner of the state..","<div class=""siodel-block block-composite"" data-layout=""image-top"" data-image-url=""https%3A%2F%2Fapi.siodelhi.org%2Fuploads%2Fimages%2F1769428058-45a8d6e9.webp"" data-text-content=""%3Cp%3ESIO%20Stars%20Organised%20statewide%20Iftar%20Get-Together%20of%20JAC.%20Throughout%20the%20Campaign%20almost%2025%20units%20organised%20various%20programs%20where%20children%20were%20enriched%20with%20divine%20guidance...%3C%2Fp%3E%3Cp%3EIn%202025%20Ramadan%20SIO%20Stars%20reached%20approx%203000%20students%20from%20every%20corner%20of%20the%20state..%3C%2Fp%3E"" data-align=""left"" data-images='[""https://api.siodelhi.org/uploads/images/1769428058-45a8d6e9.webp""]'></div>","https://api.siodelhi.org/uploads/images/1769080314242-cropped-cover-1769080314242.webp",NULL,"0",NULL,NULL,"default","3","1",NULL,NULL,"[""https:\/\/api.siodelhi.org\/uploads\/images\/1769263448-158ef218.webp"",""https:\/\/api.siodelhi.org\/uploads\/images\/1769263451-15b2de35.webp"",""https:\/\/api.siodelhi.org\/uploads\/images\/1769263452-15cd7ecd.webp"",""https:\/\/api.siodelhi.org\/uploads\/images\/1769263454-15e7ff28.webp"",""https:\/\/api.siodelhi.org\/uploads\/images\/1769263456-16064d66.webp"",""https:\/\/api.siodelhi.org\/uploads\/images\/1769263458-1628561e.webp"",""https:\/\/api.siodelhi.org\/uploads\/images\/1769263458-162e587a.webp"",""https:\/\/api.siodelhi.org\/uploads\/images\/1769263459-1634ebda.webp"",""https:\/\/api.siodelhi.org\/uploads\/images\/1769263459-16393d99.webp"",""https:\/\/api.siodelhi.org\/uploads\/images\/1769263459-163daac8.webp"",""https:\/\/api.siodelhi.org\/uploads\/images\/1769263460-16423770.webp"",""https:\/\/api.siodelhi.org\/uploads\/images\/1769263460-1646a99c.webp"",""https:\/\/api.siodelhi.org\/uploads\/images\/1769263462-16677fb5.webp"",""https:\/\/api.siodelhi.org\/uploads\/images\/1769263463-16758b1e.webp"",""https:\/\/api.siodelhi.org\/uploads\/images\/1769263465-1691a1cc.webp"",""https:\/\/api.siodelhi.org\/uploads\/images\/1769263466-16ad4a64.webp"",""https:\/\/api.siodelhi.org\/uploads\/images\/1769263467-16b287b6.webp"",""https:\/\/api.siodelhi.org\/uploads\/images\/1769263467-16b74d3a.webp"",""https:\/\/api.siodelhi.org\/uploads\/images\/1769263467-16be15dc.webp"",""https:\/\/api.siodelhi.org\/uploads\/images\/1769263470-16e024a5.webp"",""https:\/\/api.siodelhi.org\/uploads\/images\/1769263470-16e5dd19.webp""]","2026-01-22 00:00:00","2026-01-26 11:47:44"
"78025a68-4e9c-43c2-8cea-1eeed310be76","about",NULL,"1","Caravan Magazine",NULL,,"https://api.siodelhi.org/uploads/images/1769177137714-cropped-image-1769177137714.webp",NULL,"0",NULL,NULL,"custom","3","1","[]",NULL,NULL,"2026-01-22 00:00:00","2026-01-26 17:44:33"
"7b207919-9398-4f86-acc1-728a14c78105","initiatives",NULL,"0","Students Conference","SIO Delhi proudly hosted the Student Youth Conference as part of SIO India’s nationwide campaign “Soul Spark: Illuminate Ethics.”","<div class=""siodel-block block-composite"" data-layout=""image-top"" data-image-url=""https%3A%2F%2Fapi.siodelhi.org%2Fuploads%2Fimages%2F1769427635-2b378485.webp"" data-text-content=""%3Cp%3EThe%20Students%20Islamic%20Organisation%20(SIO)%20Delhi%20proudly%20hosted%20the%20%3Cem%3EStudent%20Youth%20Conference%3C%2Fem%3E%20as%20part%20of%20SIO%20India%E2%80%99s%20nationwide%20campaign%20%3Cstrong%3E%E2%80%9CSoul%20Spark%3A%20Illuminate%20Ethics.%E2%80%9D%3C%2Fstrong%3E%20The%20conference%20brought%20together%20young%20minds%20from%20colleges%20and%20universities%20across%20Delhi%20to%20engage%20deeply%20with%20ethical%20leadership%2C%20moral%20responsibility%2C%20and%20purpose-driven%20action%20in%20today%E2%80%99s%20world.%20Through%20insightful%20talks%2C%20panel%20discussions%2C%20and%20interactive%20sessions%2C%20participants%20explored%20how%20ethical%20values%20can%20guide%20personal%20decisions%2C%20academic%20life%2C%20and%20community%20impact.%20The%20event%20reinforced%20the%20role%20of%20youth%20as%20ethical%20change-makers%2C%20inspiring%20attendees%20to%20translate%20inner%20conviction%20into%20meaningful%20contributions%20to%20society.%3C%2Fp%3E"" data-align=""left""></div>","https://api.siodelhi.org/uploads/images/1769166469298-cropped-cover-1769166469298.webp",NULL,"0",NULL,NULL,"default","12","1",NULL,NULL,"[""https:\/\/api.siodelhi.org\/uploads\/images\/1769245075-9932a268.webp"",""https:\/\/api.siodelhi.org\/uploads\/images\/1769245076-99405cee.webp"",""https:\/\/api.siodelhi.org\/uploads\/images\/1769245076-9947f6a2.webp"",""https:\/\/api.siodelhi.org\/uploads\/images\/1769245077-9953dbc6.webp"",""https:\/\/api.siodelhi.org\/uploads\/images\/1769245077-995bd3e0.webp"",""https:\/\/api.siodelhi.org\/uploads\/images\/1769245078-996cd7a8.webp"",""https:\/\/api.siodelhi.org\/uploads\/images\/1769245079-9977c95b.webp"",""https:\/\/api.siodelhi.org\/uploads\/images\/1769245080-998009ea.webp"",""https:\/\/api.siodelhi.org\/uploads\/images\/1769245080-99879b2a.webp"",""https:\/\/api.siodelhi.org\/uploads\/images\/1769245081-9990633c.webp"",""https:\/\/api.siodelhi.org\/uploads\/images\/1769245081-99997305.webp"",""https:\/\/api.siodelhi.org\/uploads\/images\/1769245083-99b4395d.webp"",""https:\/\/api.siodelhi.org\/uploads\/images\/1769245083-99bdcdc2.webp"",""https:\/\/api.siodelhi.org\/uploads\/images\/1769245084-99c66527.webp"",""https:\/\/api.siodelhi.org\/uploads\/images\/1769245086-99e27985.webp"",""https:\/\/api.siodelhi.org\/uploads\/images\/1769245087-99f83060.webp"",""https:\/\/api.siodelhi.org\/uploads\/images\/1769245089-9a17bd22.webp"",""https:\/\/api.siodelhi.org\/uploads\/images\/1769245090-9a209d2c.webp"",""https:\/\/api.siodelhi.org\/uploads\/images\/1769245090-9a283454.webp"",""https:\/\/api.siodelhi.org\/uploads\/images\/1769245090-9a2cd097.webp"",""https:\/\/api.siodelhi.org\/uploads\/images\/1769245091-9a3577ee.webp"",""https:\/\/api.siodelhi.org\/uploads\/images\/1769245091-9a3d2610.webp"",""https:\/\/api.siodelhi.org\/uploads\/images\/1769245092-9a441cfc.webp"",""https:\/\/api.siodelhi.org\/uploads\/images\/1769245092-9a491552.webp"",""https:\/\/api.siodelhi.org\/uploads\/images\/1769245092-9a4d8dfe.webp"",""https:\/\/api.siodelhi.org\/uploads\/images\/1769245093-9a54013f.webp"",""https:\/\/api.siodelhi.org\/uploads\/images\/1769245093-9a58c227.webp"",""https:\/\/api.siodelhi.org\/uploads\/images\/1769245093-9a5de992.webp"",""https:\/\/api.siodelhi.org\/uploads\/images\/1769245094-9a63e23a.webp""]","2026-01-22 00:00:00","2026-01-29 17:08:52"
"7dccd34e-26b5-4bce-9e70-f2c2d71d50e2","initiatives","814d8b2c-f3ab-409c-89be-6a2e0e164de3","0","Ramadan is the month of compassion || Dr. Khan Yasir",NULL,"<div class=""siodel-block block-video"" style=""margin: 32px 0; padding: 20px; border-radius: 16px; background: rgba(255,255,255,0.03); border: 1px solid rgba(255,255,255,0.05); box-shadow: 0 4px 6px rgba(0,0,0,0.1);""><div style=""border-radius: 12px; overflow: hidden; position: relative; width: 100%; height: 0; padding-bottom: 56.25%; background: #000;""><iframe src=""https://www.youtube.com/embed/b-0eFoC72Cg"" style=""position: absolute; top: 0; left: 0; width: 100%; height: 100%; border: none;"" allow=""accelerometer; autoplay; encrypted-media; gyroscope; picture-in-picture"" allowfullscreen></iframe></div></div>","https://api.siodelhi.org/uploads/images/1768983607918-cropped-cover-1768983607918.webp",NULL,"0",NULL,NULL,"default","6","1","[]",NULL,"[]","2026-01-21 08:20:45","2026-01-26 13:31:36"
"7e4067d3-84b1-49a0-b49d-b587689634d3","leadership",NULL,"0","Mohammad Saad Inam","PR & Media Secretary","<div class=""siodel-block block-text"" data-align=""left""><p style=""text-align: left;""><strong>Mohammad Saad Inam</strong> serves as the <strong>PR &amp;</strong> <strong>Media Secretary of SIO Delhi</strong> and is a <strong>Bachelor’s student of Mass Communication</strong>. He is a media professional with hands-on experience in <strong>graphic design, video editing, and digital media production</strong>, and is actively involved in managing SIO Delhi’s <strong>visual identity, social media presence, and communication strategy</strong>.</p><p style=""text-align: left;"">He is a <strong>Hafiz-e-Qur’an</strong> and has a strong interest in <strong>film studies</strong>, with a particular focus on visual storytelling, narrative construction, and cinematic expression. With a background in creative design and content development, he has worked on <strong>media campaigns, publications, and digital initiatives</strong> aimed at effective outreach and public engagement.</p><p style=""text-align: left;"">His work emphasizes <strong>clear, impactful narratives</strong> that align with SIO Delhi’s values while thoughtfully engaging with contemporary social and media challenges.</p></div>","https://api.siodelhi.org/uploads/images/1768852666187-cropped-cover-1768852666187.webp",NULL,"0","media@soidelhi.org",NULL,"default","6","1",NULL,NULL,NULL,"2026-01-18 00:00:00","2026-01-28 14:27:59"
"814d8b2c-f3ab-409c-89be-6a2e0e164de3","initiatives",NULL,"1","Ayyamam Madudaat","Ramadan Video Series","<div class=""siodel-block block-text""><p><em>Ayyamam Ma‘dudaat</em> is a special Ramadan video series curated by SIO Delhi to spiritually engage students and youth during the blessed month of Ramadan. The series focuses on reflection, self-purification, consistency in worship, and ethical living, drawing inspiration from the Qur’an and Prophetic guidance. Released throughout Ramadan, the videos aim to help viewers make conscious use of these “counted days” by strengthening faith, discipline, and social responsibility. Through concise messages and thoughtful presentation, <em>Ayyamam Ma‘dudaat</em> serves as a digital companion for meaningful Ramadan engagement and post-Ramadan continuity.</p></div>","https://api.siodelhi.org/uploads/images/1768983082343-cropped-image-1768983082342.webp",NULL,"0",NULL,NULL,"custom","0","1","[]",NULL,NULL,"2026-01-21 00:00:00","2026-01-26 13:31:49"
"831cbfb6-1726-4ce2-9f16-943dcda34f5b","media",NULL,"0","Wall Collapse in Delhi’s Jaitpur",NULL,"<div class=""siodel-block block-text""><p>We are deeply saddened by the tragic loss of lives in the Jaitpur wall collapse. Our heartfelt condolences go out to the families who lost their loved ones. May they find strength in this difficult time, and may the departed souls rest in eternal peace. Our thoughts and prayers are with all those affected by this tragedy.</p></div>","https://api.siodelhi.org/uploads/images/1769029964131-cropped-cover-1769029964130.webp",NULL,"0",NULL,NULL,"default","4","1","[""Jaitpur"", ""Wall Collapse""]",NULL,"[]","2025-08-10 00:00:00","2026-01-24 09:43:32"
"84bf427e-f5ce-4212-a745-fb90f6cf1c6f","initiatives",NULL,"0","Workshop on Psycho Spritual Wellbeing","SIO Delhi organized a Workshop on Psycho-Spiritual Wellbeing to address the growing emotional, mental, and spiritual challenges faced by students and youth in contemporary times. The workshop focused on understanding inner wellbeing through a balanced integration of psychological awareness and spiritual grounding. Through guided discussions, reflective exercises, and expert insights, participants explored themes such as emotional resilience, self-awareness, stress management, and spiritual mindf","<div class=""siodel-block block-composite"" data-layout=""image-top"" data-image-url=""https%3A%2F%2Fapi.siodelhi.org%2Fuploads%2Fimages%2F1769427669-2d5b4d7e.webp"" data-text-content=""%3Cp%3ESIO%20Delhi%20organized%20a%20%3Cstrong%3EWorkshop%20on%20Psycho-Spiritual%20Wellbeing%3C%2Fstrong%3E%20to%20address%20the%20growing%20emotional%2C%20mental%2C%20and%20spiritual%20challenges%20faced%20by%20students%20and%20youth%20in%20contemporary%20times.%20The%20workshop%20focused%20on%20understanding%20inner%20wellbeing%20through%20a%20balanced%20integration%20of%20psychological%20awareness%20and%20spiritual%20grounding.%20Through%20guided%20discussions%2C%20reflective%20exercises%2C%20and%20expert%20insights%2C%20participants%20explored%20themes%20such%20as%20emotional%20resilience%2C%20self-awareness%2C%20stress%20management%2C%20and%20spiritual%20mindfulness.%20The%20session%20aimed%20to%20equip%20attendees%20with%20practical%20tools%20to%20nurture%20inner%20stability%2C%20purpose%2C%20and%20ethical%20living%20while%20navigating%20academic%2C%20personal%2C%20and%20social%20pressures.%3C%2Fp%3E"" data-align=""left"" data-images='[""https://api.siodelhi.org/uploads/images/1769427669-2d5b4d7e.webp""]'></div>","https://api.siodelhi.org/uploads/images/1769178696591-cropped-cover-1769178696591.webp",NULL,"0",NULL,NULL,"default","4","1",NULL,NULL,"[""https:\/\/api.siodelhi.org\/uploads\/images\/1769178852503-SnapInsta.to_562954040_18292636786257818_5857969498637373376_n.webp"",""https:\/\/api.siodelhi.org\/uploads\/images\/1769178853557-SnapInsta.to_562710995_18292636774257818_5200289945070469373_n.webp"",""https:\/\/api.siodelhi.org\/uploads\/images\/1769178854663-SnapInsta.to_562550330_18292636765257818_830510404778354208_n.webp"",""https:\/\/api.siodelhi.org\/uploads\/images\/1769178855215-SnapInsta.to_563626049_18292636750257818_143138406460469684_n.webp"",""https:\/\/api.siodelhi.org\/uploads\/images\/1769178855654-SnapInsta.to_563701789_18292636489257818_3266580590363075235_n.webp"",""https:\/\/api.siodelhi.org\/uploads\/images\/1769178856114-SnapInsta.to_565212699_18292636480257818_6391596142138291492_n.webp"",""https:\/\/api.siodelhi.org\/uploads\/images\/1769178856688-SnapInsta.to_564909056_18292636471257818_308133991982040504_n.webp"",""https:\/\/api.siodelhi.org\/uploads\/images\/1769178857096-SnapInsta.to_563682590_18292636462257818_442583496276669898_n.webp""]","2026-01-23 14:34:26","2026-01-27 09:32:03"
"89ba64c6-3d56-49a5-99ad-0f21498e7fd8","media",NULL,"0","SIO Delhi Condemns Suspension of Jamia Faculty Member Virendra Balaji Shahare",NULL,"<div class=""siodel-block block-text"" data-align=""left""><p>The Students Islamic Organisation of India (SIO), Delhi Zone, expresses serious concern over the suspension of a faculty member of Jamia Millia Islamia for including a question on the condition of Muslim minorities in India in an examination paper.</p><p>SIO Delhi believes that discussing social realities, injustice, and minority issues is an essential part of academic study, especially in a subject like Social Problems in India. Penalising a teacher for encouraging critical thinking is an attack on academic freedom and democratic values.</p><p>We urge the university to revoke the suspension, ensure a fair inquiry, and protect the autonomy of educational institutions. Universities must remain spaces for free thought, dialogue, and truth — not fear.</p><p><strong>SIO Delhi</strong></p></div>","https://api.siodelhi.org/uploads/images/1769028128730-cropped-cover-1769028128730.webp",NULL,"0",NULL,NULL,"default","0","1","[]",NULL,"[]","2025-12-26 00:00:00","2026-01-21 20:57:33"
"8ad14ae9-c966-4741-96c8-14180cfef60c","about","5519c085-9e5e-441d-89df-d5b24e4929ff","0","English",NULL,"<div class=""siodel-block block-pdf"" data-pdf-url=""https://api.siodelhi.org/uploads/pdfs/1768982612884-Englisg-Constitution.pdf""></div>","https://api.siodelhi.org/uploads/images/1769169674709-cropped-cover-1769169674708.webp","https://api.siodelhi.org/uploads/pdfs/1768982612884-Englisg-Constitution.pdf","0",NULL,NULL,"default","0","1","[]",NULL,"[]","2026-01-21 00:00:00","2026-01-23 12:01:17"
"925799ae-ad20-448e-9294-e06a3ccadda4","nodess",NULL,"0","uytut",NULL,NULL,NULL,NULL,"0",NULL,NULL,"default",NULL,"1","[]","Folder","[]","2026-01-21 13:19:04","2026-01-21 13:19:04"
"949642e6-c91b-46ab-8b32-b343b895907e","leadership",NULL,"0","Haris Neyazi","Zonal President","<div class=""siodel-block block-text"" data-align=""center""><p><strong>Haris Neyazi</strong> serves as the <strong>Zonal President of SIO Delhi</strong>, providing strategic direction and leadership across organizational initiatives. He holds a <strong>Master’s degree in Renewable Energy and Environment</strong>, bringing a strong academic grounding in sustainability and environmental responsibility.</p><p>Known for his <strong>analytical thinking and problem-solving approach</strong>, he contributes to informed decision-making, effective planning, and the development of solutions responsive to contemporary organizational and social challenges.</p></div>","https://api.siodelhi.org/uploads/images/1769252796-7bc71bec.webp",NULL,"0","zp.del@sio-india.org",NULL,"default","0","1",NULL,NULL,NULL,"2026-01-18 00:00:00","2026-01-26 08:22:56"
"975dcd9d-aeca-49af-9e7a-a7845fb39a5d","nodes",NULL,"0","Naqsh Forum for Art & Culture",NULL,"<div class=""siodel-block block-text"" data-align=""left""><p><span style=""font-size: 1rem;""><strong>Naqsh Forum for Art &amp; Culture</strong> is the art and cultural node of <strong>Students Islamic Organisation (SIO) Delhi</strong>, created to nurture, channel, and amplify creative expression among students and young people. Naqsh serves as a platform where <strong>art meets purpose</strong>—using literature, poetry, visual arts, theatre, and cultural dialogue as tools for reflection, expression, and social engagement.</span></p><p><span style=""font-size: 1rem;"">As a node of SIO Delhi, Naqsh works to revive meaningful cultural traditions while encouraging contemporary artistic voices that engage with society, identity, ethics, and justice. The forum regularly organises <strong>mushairas, cultural gatherings, creative workshops, discussions, and art-based engagements</strong>, providing space for emerging artists and thinkers to express themselves responsibly and confidently.</span></p><p><span style=""font-size: 1rem;"">Naqsh believes culture is not entertainment alone, but a powerful medium of ideas. Through its initiatives, it aims to cultivate aesthetic sensibility, critical thinking, and social consciousness—contributing to SIO Delhi’s broader vision of student development and constructive societal change.</span></p></div>","https://api.siodelhi.org/uploads/images/1769026228329-cropped-cover-1769026228328.webp",NULL,"0",NULL,NULL,"default","1","1",NULL,"https://api.siodelhi.org/uploads/images/1769449567-85f13bce.webp",NULL,"2026-01-21 00:00:00","2026-01-30 14:38:50"
"9c67530f-52ac-47ee-abe4-e26e0feca25e","initiatives","814d8b2c-f3ab-409c-89be-6a2e0e164de3","0","Ramadan and Family Training | Raziul Islam Nadvi Sb.",NULL,"<div class=""siodel-block block-video"" style=""margin: 32px 0; padding: 20px; border-radius: 16px; background: rgba(255,255,255,0.03); border: 1px solid rgba(255,255,255,0.05); box-shadow: 0 4px 6px rgba(0,0,0,0.1);""><div style=""border-radius: 12px; overflow: hidden; position: relative; width: 100%; height: 0; padding-bottom: 56.25%; background: #000;""><iframe src=""https://www.youtube.com/embed/59ghoMNF-2Y"" style=""position: absolute; top: 0; left: 0; width: 100%; height: 100%; border: none;"" allow=""accelerometer; autoplay; encrypted-media; gyroscope; picture-in-picture"" allowfullscreen></iframe></div></div>","https://api.siodelhi.org/uploads/images/1768983902623-cropped-cover-1768983902622.webp",NULL,"0",NULL,NULL,"default","3","1","[]",NULL,"[]","2026-01-21 00:00:00","2026-01-26 13:31:40"
"a746db23-73f5-4645-8e08-45038078ab4e","about","af451e60-93dc-46b7-9cc2-3c61133b1375","0","Policy and Programme Jan 2025 - Dec 2026",NULL,"<div class=""siodel-block block-pdf"" data-pdf-url=""https://api.siodelhi.org/uploads/pdfs/1769527897-a59b5cd4.pdf""></div>","https://api.siodelhi.org/uploads/images/1769074935573-cropped-cover-1769074935573.webp","https://api.siodelhi.org/uploads/pdfs/1769074982688-Policy%20&%20Programme%20-%20Delhi%2025-26.pdf","0",NULL,NULL,"default","0","1",NULL,NULL,NULL,"2026-01-22 09:43:13","2026-01-27 15:36:19"
"a7c9f772-91f6-4013-95e7-7b523085ee64","initiatives","814d8b2c-f3ab-409c-89be-6a2e0e164de3","0","Triangle of Fasting,Taqwa and Quran || Abdul Hafeez",NULL,"<div class=""siodel-block block-video"" style=""margin: 32px 0; padding: 20px; border-radius: 16px; background: rgba(255,255,255,0.03); border: 1px solid rgba(255,255,255,0.05); box-shadow: 0 4px 6px rgba(0,0,0,0.1);""><div style=""border-radius: 12px; overflow: hidden; position: relative; width: 100%; height: 0; padding-bottom: 56.25%; background: #000;""><iframe src=""https://www.youtube.com/embed/C6mhDysTrxM"" style=""position: absolute; top: 0; left: 0; width: 100%; height: 100%; border: none;"" allow=""accelerometer; autoplay; encrypted-media; gyroscope; picture-in-picture"" allowfullscreen></iframe></div></div>","https://api.siodelhi.org/uploads/images/1768983770168-cropped-cover-1768983770167.webp",NULL,"0",NULL,NULL,"default","5","1","[]",NULL,"[]","2026-01-21 08:23:17","2026-01-26 13:31:36"
"ad6dc1ed-a55c-4a01-b9ea-b4e37e1a816a","leadership",NULL,"0","Arsalan Bukhari","Expansion Secretary","<div class=""siodel-block block-text"" data-align=""left""><p style=""text-align: left;""><strong>Arsalan Bukhari</strong> serves as the <strong>Expansion Secretary of SIO Delhi</strong>, focusing on organizational growth, outreach, and strengthening grassroots presence across regions. He has previously served as the <strong>Regional Organizer for North Delhi</strong>, where he played an active role in building organizational structure, mentoring teams, and expanding SIO’s reach at the regional level.</p><p style=""text-align: left;"">He is a <strong>Hafiz-e-Qur’an</strong> and holds academic qualifications in <strong>D. Pharma</strong> and a <strong>Bachelor’s degree in Political Science</strong>, reflecting a balanced grounding in religious scholarship, professional education, and socio-political understanding.</p><p style=""text-align: left;"">His work is marked by a strong commitment to disciplined organization, community engagement, and principled leadership, contributing to SIO Delhi’s expansion efforts with clarity of purpose and organizational insight.</p></div>","https://api.siodelhi.org/uploads/images/1769252857-7f9495f5.webp",NULL,"0",NULL,NULL,"default","4","1",NULL,NULL,NULL,"2026-01-18 00:00:00","2026-01-24 14:31:13"
"af451e60-93dc-46b7-9cc2-3c61133b1375","about",NULL,"1","Policy and Programme",NULL,,"https://api.siodelhi.org/uploads/images/1769177043378-cropped-image-1769177043378.webp",NULL,"0",NULL,NULL,"custom","2","1","[]",NULL,NULL,"2026-01-22 00:00:00","2026-01-24 07:42:37"
"c3f44c5d-5375-4d3e-a3ff-66182ba2885e","initiatives","814d8b2c-f3ab-409c-89be-6a2e0e164de3","0"," Isteqbal -e- Ramadan || Jb. Syed Sadatullah Hussaini, Ameer, JIH","Ayyam-e-Ma'doodat | Ramadan Special Series","<div class=""siodel-block block-video"" style=""margin: 32px 0; padding: 20px; border-radius: 16px; background: rgba(255,255,255,0.03); border: 1px solid rgba(255,255,255,0.05); box-shadow: 0 4px 6px rgba(0,0,0,0.1);""><div style=""border-radius: 12px; overflow: hidden; position: relative; width: 100%; height: 0; padding-bottom: 56.25%; background: #000;""><iframe src=""https://www.youtube.com/embed/PV2qt-zvfsk"" style=""position: absolute; top: 0; left: 0; width: 100%; height: 100%; border: none;"" allow=""accelerometer; autoplay; encrypted-media; gyroscope; picture-in-picture"" allowfullscreen></iframe></div></div>","https://api.siodelhi.org/uploads/images/1768983253245-cropped-cover-1768983253245.webp",NULL,"0",NULL,NULL,"default","0","1","[]",NULL,"[]","2026-01-21 08:15:58","2026-01-26 13:31:34"
"c5e65330-7638-4c01-b3b2-0002996f16e3","media",NULL,"0","Releasing Student Manifesto","SIO Delhi has released its Student Manifesto at the Press Club of India, appealing to political parties to prioritize education, employment, mental health, and the creation of a drug-free society.","<div class=""siodel-block block-composite"" data-layout=""image-top"" data-image-url=""https%3A%2F%2Fapi.siodelhi.org%2Fuploads%2Fimages%2F1769427805-35d81737.webp"" data-text-content=""%3Cp%3E%3Cspan%20style%3D%22color%3A%20rgb(248%2C%20249%2C%20249)%3B%20font-size%3A%2014px%3B%22%3ESIO%20Delhi%20has%20released%20its%20%3C%2Fspan%3E%3Cspan%20style%3D%22color%3A%20rgb(247%2C%20253%2C%20115)%3B%20font-size%3A%2014px%3B%22%3E%3Cstrong%3EStudent%20Manifesto%3C%2Fstrong%3E%3C%2Fspan%3E%3Cspan%20style%3D%22color%3A%20rgb(248%2C%20249%2C%20249)%3B%20font-size%3A%2014px%3B%22%3E%20at%20the%20%3C%2Fspan%3E%3Cspan%20style%3D%22color%3A%20rgb(250%2C%20253%2C%20107)%3B%20font-size%3A%2014px%3B%22%3E%3Cstrong%3EPress%20Club%20of%20India%3C%2Fstrong%3E%3C%2Fspan%3E%3Cspan%20style%3D%22color%3A%20rgb(248%2C%20249%2C%20249)%3B%20font-size%3A%2014px%3B%22%3E%2C%20appealing%20to%20political%20parties%20to%20prioritize%20education%2C%20employment%2C%20mental%20health%2C%20and%20the%20creation%20of%20a%20drug-free%20society.%3C%2Fspan%3E%3C%2Fp%3E"" data-align=""left"" data-images='[""https://api.siodelhi.org/uploads/images/1769427805-35d81737.webp"",""https://api.siodelhi.org/uploads/images/1769427817-369b5747.webp""]'></div><div class=""siodel-block block-pdf"" data-pdf-url=""https://api.siodelhi.org/uploads/pdfs/1769508298-dca0f35d.pdf""></div>","https://api.siodelhi.org/uploads/images/1769249551-b0f6e1c1.webp","https://api.siodelhi.org/uploads/pdfs/1769508298-dca0f35d.pdf","0",NULL,NULL,"default","0","1","[""Press Conference""]",NULL,NULL,"2026-01-24 10:14:39","2026-01-27 10:05:01"
"d382f070-f67b-4180-a151-d72e68ca755d","initiatives","814d8b2c-f3ab-409c-89be-6a2e0e164de3","0","Things for young people to do during Ramadan | Jb. Ramees EK",NULL,"<div class=""siodel-block block-video"" style=""margin: 32px 0; padding: 20px; border-radius: 16px; background: rgba(255,255,255,0.03); border: 1px solid rgba(255,255,255,0.05); box-shadow: 0 4px 6px rgba(0,0,0,0.1);""><div style=""border-radius: 12px; overflow: hidden; position: relative; width: 100%; height: 0; padding-bottom: 56.25%; background: #000;""><iframe src=""https://www.youtube.com/embed/QpM_YejyDt0"" style=""position: absolute; top: 0; left: 0; width: 100%; height: 100%; border: none;"" allow=""accelerometer; autoplay; encrypted-media; gyroscope; picture-in-picture"" allowfullscreen></iframe></div></div>","https://api.siodelhi.org/uploads/images/1768984149660-cropped-cover-1768984149660.webp",NULL,"0",NULL,NULL,"default","4","1","[]",NULL,"[]","2026-01-21 08:31:08","2026-01-26 13:31:40"
"d7f35ece-2cf2-4740-82de-0925b859025d","about","78025a68-4e9c-43c2-8cea-1eeed310be76","0","Caravan 2024","Dive into our Caravan 2024","<div class=""siodel-block block-pdf"" data-pdf-url=""https://api.siodelhi.org/uploads/pdfs/1769454132-a345c1bc.pdf""></div>","https://api.siodelhi.org/uploads/images/1769454184-a68e8f2a.webp","https://api.siodelhi.org/uploads/pdfs/1769454132-a345c1bc.pdf","0",NULL,NULL,"default","1","1",NULL,NULL,NULL,"2026-01-26 19:02:14","2026-01-28 13:25:53"
"d8ac482b-c7b2-4b17-b524-a6a3592a8c81","jac",NULL,"0","SIO Star Regional Tarbiyati Program","One-day SIO Star Regional Tarbiyati Program was organized, Alhamdulillah, which went very well. The program provided children with a valuable opportunity to learn and understand important values, while also engaging them in games and physical activities. It was a meaningful and enriching experience for everyone involved.
","<div class=""siodel-block block-composite"" data-layout=""image-top"" data-image-url=""https%3A%2F%2Fapi.siodelhi.org%2Fuploads%2Fimages%2F1769428031-43f83122.webp"" data-text-content=""%3Cp%3EOne-day%20SIO%20Star%20Regional%20Tarbiyati%20Program%20was%20organized%2C%20Alhamdulillah%2C%20which%20went%20very%20well.%20The%20program%20provided%20children%20with%20a%20valuable%20opportunity%20to%20learn%20and%20understand%20important%20values%2C%20while%20also%20engaging%20them%20in%20games%20and%20physical%20activities.%20It%20was%20a%20meaningful%20and%20enriching%20experience%20for%20everyone%20involved.%3C%2Fp%3E"" data-align=""left"" data-images='[""https://api.siodelhi.org/uploads/images/1769428031-43f83122.webp""]'></div>","https://api.siodelhi.org/uploads/images/1769248976-8d09c705.webp",NULL,"0",NULL,NULL,"default","2","1",NULL,NULL,"[""https:\/\/api.siodelhi.org\/uploads\/images\/1769249044-91417d15.webp"",""https:\/\/api.siodelhi.org\/uploads\/images\/1769249044-91461f41.webp"",""https:\/\/api.siodelhi.org\/uploads\/images\/1769249044-914c2e4d.webp"",""https:\/\/api.siodelhi.org\/uploads\/images\/1769249045-91519b27.webp"",""https:\/\/api.siodelhi.org\/uploads\/images\/1769249045-9156e866.webp"",""https:\/\/api.siodelhi.org\/uploads\/images\/1769249045-915c34d9.webp"",""https:\/\/api.siodelhi.org\/uploads\/images\/1769249046-91618d58.webp""]","2026-01-24 10:04:13","2026-01-26 16:45:00"
"e14dbc14-aaec-4051-b22d-3cd66083addf","media",NULL,"0","SIO Delhi Condemns the Brutal Killing of 14-Year-Old Saahil",NULL,"<div class=""siodel-block block-text"" data-align=""left""><p>SIO Delhi strongly condemns the brutal and inhuman killing of 14-year-old Saahil in Shahdara, East Delhi. The fact that a minor boy was shot dead simply for picking up currency notes thrown during a wedding procession is both shocking and deeply disturbing. Such an act reflects a dangerous collapse of basic human values and a complete disregard for the sanctity of life.</p><p></p><p>We are pained to learn that the accused, a CISF officer, allegedly shot the child in a fit of rage while under the influence of alcohol. This horrific incident has shaken our conscience, and we stand firmly with Saahil’s family in this moment of unbearable grief. We extend our heartfelt condolences to the bereaved family and pray that Allah grants them patience and strength in this difficult time.<br></p><p>SIO Delhi</p></div>","https://api.siodelhi.org/uploads/images/1769028785761-cropped-cover-1769028785760.webp",NULL,"0",NULL,NULL,"default","1","1","[""Murder""]",NULL,"[]","2025-12-04 00:00:00","2026-01-24 09:43:25"
"e1ab56e3-4964-472d-b5bf-182c451190ea","initiatives",NULL,"0","Nahdah – Associates Camp 2025","SIO Delhi proudly organized Nahdah – Associates Camp 2025, a dynamic leadership and capacity-building program designed for our associates and emerging youth leaders. The camp focused on strengthening organizational understanding, enhancing practical skills, and fostering a spirit of commitment and teamwork. Through motivational sessions, skill workshops, mentoring circles, and collective reflection, participants were equipped to contribute more meaningfully within their units and communities. Na","<div class=""siodel-block block-composite"" data-layout=""image-top"" data-image-url=""https%3A%2F%2Fapi.siodelhi.org%2Fuploads%2Fimages%2F1769427303-167da50c.webp"" data-text-content=""%3Cp%3ESIO%20Delhi%20proudly%20organized%20%3Cstrong%3ENahdah%20%E2%80%93%20Associates%20Camp%202025%3C%2Fstrong%3E%2C%20a%20dynamic%20leadership%20and%20capacity-building%20program%20designed%20for%20our%20associates%20and%20emerging%20youth%20leaders.%20The%20camp%20focused%20on%20strengthening%20organizational%20understanding%2C%20enhancing%20practical%20skills%2C%20and%20fostering%20a%20spirit%20of%20commitment%20and%20teamwork.%20Through%20motivational%20sessions%2C%20skill%20workshops%2C%20mentoring%20circles%2C%20and%20collective%20reflection%2C%20participants%20were%20equipped%20to%20contribute%20more%20meaningfully%20within%20their%20units%20and%20communities.%20%3Cem%3ENahdah%20%E2%80%93%20Associates%20Camp%202025%3C%2Fem%3E%20reinforced%20the%20values%20of%20service%2C%20ethical%20leadership%2C%20and%20purposeful%20action%2C%20preparing%20a%20renewed%20cohort%20of%20youth%20associates%20ready%20to%20drive%20positive%20change.%3C%2Fp%3E"" data-align=""left"" data-images='[""https://api.siodelhi.org/uploads/images/1769427303-167da50c.webp"",""https://api.siodelhi.org/uploads/images/1769427318-1763764f.webp""]'></div>","https://api.siodelhi.org/uploads/images/1769078014995-cropped-cover-1769078014995.webp",NULL,"0",NULL,NULL,"default","2","1",NULL,NULL,"[""https:\/\/api.siodelhi.org\/uploads\/images\/1769243357-2dd9bd32.webp"",""https:\/\/api.siodelhi.org\/uploads\/images\/1769243358-2de6d761.webp"",""https:\/\/api.siodelhi.org\/uploads\/images\/1769243359-2df357c9.webp"",""https:\/\/api.siodelhi.org\/uploads\/images\/1769243359-2dfebae9.webp"",""https:\/\/api.siodelhi.org\/uploads\/images\/1769243360-2e0d0fdf.webp"",""https:\/\/api.siodelhi.org\/uploads\/images\/1769243361-2e1bbcb2.webp"",""https:\/\/api.siodelhi.org\/uploads\/images\/1769243362-2e2b93d5.webp"",""https:\/\/api.siodelhi.org\/uploads\/images\/1769243382-2f646001.webp"",""https:\/\/api.siodelhi.org\/uploads\/images\/1769243383-2f740b28.webp"",""https:\/\/api.siodelhi.org\/uploads\/images\/1769243384-2f8116c9.webp"",""https:\/\/api.siodelhi.org\/uploads\/images\/1769243385-2f956ed0.webp"",""https:\/\/api.siodelhi.org\/uploads\/images\/1769243386-2fab2804.webp"",""https:\/\/api.siodelhi.org\/uploads\/images\/1769243387-2fbaf64a.webp"",""https:\/\/api.siodelhi.org\/uploads\/images\/1769243389-2fd1e076.webp"",""https:\/\/api.siodelhi.org\/uploads\/images\/1769243390-2fe442e2.webp"",""https:\/\/api.siodelhi.org\/uploads\/images\/1769243391-2ff6af3f.webp"",""https:\/\/api.siodelhi.org\/uploads\/images\/1769243392-3005ee61.webp"",""https:\/\/api.siodelhi.org\/uploads\/images\/1769243393-30148f83.webp"",""https:\/\/api.siodelhi.org\/uploads\/images\/1769243394-3020bfd8.webp"",""https:\/\/api.siodelhi.org\/uploads\/images\/1769243404-30c335d8.webp"",""https:\/\/api.siodelhi.org\/uploads\/images\/1769243404-30d0047d.webp"",""https:\/\/api.siodelhi.org\/uploads\/images\/1769243405-30dd14a1.webp"",""https:\/\/api.siodelhi.org\/uploads\/images\/1769243407-30f3f09d.webp"",""https:\/\/api.siodelhi.org\/uploads\/images\/1769243408-31072baa.webp"",""https:\/\/api.siodelhi.org\/uploads\/images\/1769243409-311c65e9.webp"",""https:\/\/api.siodelhi.org\/uploads\/images\/1769243410-312dceb9.webp"",""https:\/\/api.siodelhi.org\/uploads\/images\/1769243411-313bd600.webp"",""https:\/\/api.siodelhi.org\/uploads\/images\/1769243421-31d4b446.webp"",""https:\/\/api.siodelhi.org\/uploads\/images\/1769243422-31e35e40.webp"",""https:\/\/api.siodelhi.org\/uploads\/images\/1769243423-31f27af2.webp"",""https:\/\/api.siodelhi.org\/uploads\/images\/1769243424-3200b6ce.webp"",""https:\/\/api.siodelhi.org\/uploads\/images\/1769243425-321551cc.webp"",""https:\/\/api.siodelhi.org\/uploads\/images\/1769243426-32224e9f.webp"",""https:\/\/api.siodelhi.org\/uploads\/images\/1769243427-32352d23.webp"",""https:\/\/api.siodelhi.org\/uploads\/images\/1769243440-33064a81.webp"",""https:\/\/api.siodelhi.org\/uploads\/images\/1769243441-331e26b0.webp"",""https:\/\/api.siodelhi.org\/uploads\/images\/1769243442-332ad78f.webp"",""https:\/\/api.siodelhi.org\/uploads\/images\/1769243443-333b4a65.webp"",""https:\/\/api.siodelhi.org\/uploads\/images\/1769243444-334b6115.webp"",""https:\/\/api.siodelhi.org\/uploads\/images\/1769243446-33639ba6.webp"",""https:\/\/api.siodelhi.org\/uploads\/images\/1769243447-3374e39b.webp"",""https:\/\/api.siodelhi.org\/uploads\/images\/1769243457-34153b05.webp"",""https:\/\/api.siodelhi.org\/uploads\/images\/1769243458-34261065.webp"",""https:\/\/api.siodelhi.org\/uploads\/images\/1769243460-34486cd2.webp"",""https:\/\/api.siodelhi.org\/uploads\/images\/1769243462-3461bb3c.webp"",""https:\/\/api.siodelhi.org\/uploads\/images\/1769243464-348ec81b.webp"",""https:\/\/api.siodelhi.org\/uploads\/images\/1769243466-34a8b5ab.webp"",""https:\/\/api.siodelhi.org\/uploads\/images\/1769243468-34cdf525.webp"",""https:\/\/api.siodelhi.org\/uploads\/images\/1769243471-34f526d5.webp"",""https:\/\/api.siodelhi.org\/uploads\/images\/1769243472-350c652e.webp"",""https:\/\/api.siodelhi.org\/uploads\/images\/1769243474-352e461b.webp"",""https:\/\/api.siodelhi.org\/uploads\/images\/1769243491-3630ea22.webp"",""https:\/\/api.siodelhi.org\/uploads\/images\/1769243491-363be48e.webp"",""https:\/\/api.siodelhi.org\/uploads\/images\/1769243492-364c6c02.webp"",""https:\/\/api.siodelhi.org\/uploads\/images\/1769243493-36589257.webp"",""https:\/\/api.siodelhi.org\/uploads\/images\/1769243494-36661823.webp"",""https:\/\/api.siodelhi.org\/uploads\/images\/1769243495-367318ec.webp"",""https:\/\/api.siodelhi.org\/uploads\/images\/1769243497-3693dc52.webp"",""https:\/\/api.siodelhi.org\/uploads\/images\/1769243498-36a610ff.webp"",""https:\/\/api.siodelhi.org\/uploads\/images\/1769243499-36bb36b0.webp"",""https:\/\/api.siodelhi.org\/uploads\/images\/1769243500-36cef4d0.webp"",""https:\/\/api.siodelhi.org\/uploads\/images\/1769243510-376eb145.webp"",""https:\/\/api.siodelhi.org\/uploads\/images\/1769243511-377d7110.webp"",""https:\/\/api.siodelhi.org\/uploads\/images\/1769243513-37927615.webp"",""https:\/\/api.siodelhi.org\/uploads\/images\/1769243515-37b26ba1.webp"",""https:\/\/api.siodelhi.org\/uploads\/images\/1769243516-37c33c3b.webp"",""https:\/\/api.siodelhi.org\/uploads\/images\/1769243517-37d9320a.webp"",""https:\/\/api.siodelhi.org\/uploads\/images\/1769243518-37e5d144.webp"",""https:\/\/api.siodelhi.org\/uploads\/images\/1769243519-37f261de.webp"",""https:\/\/api.siodelhi.org\/uploads\/images\/1769243520-38058945.webp"",""https:\/\/api.siodelhi.org\/uploads\/images\/1769243531-38bb3dae.webp"",""https:\/\/api.siodelhi.org\/uploads\/images\/1769243532-38c7695b.webp"",""https:\/\/api.siodelhi.org\/uploads\/images\/1769243533-38d37286.webp"",""https:\/\/api.siodelhi.org\/uploads\/images\/1769243534-38e1e235.webp"",""https:\/\/api.siodelhi.org\/uploads\/images\/1769243536-3905a02e.webp"",""https:\/\/api.siodelhi.org\/uploads\/images\/1769243537-3917943a.webp"",""https:\/\/api.siodelhi.org\/uploads\/images\/1769243538-39261cfa.webp"",""https:\/\/api.siodelhi.org\/uploads\/images\/1769243539-393dafa2.webp"",""https:\/\/api.siodelhi.org\/uploads\/images\/1769243541-395c2409.webp"",""https:\/\/api.siodelhi.org\/uploads\/images\/1769243542-396da8a1.webp"",""https:\/\/api.siodelhi.org\/uploads\/images\/1769243554-3a299710.webp"",""https:\/\/api.siodelhi.org\/uploads\/images\/1769243555-3a362c04.webp"",""https:\/\/api.siodelhi.org\/uploads\/images\/1769243556-3a48092a.webp"",""https:\/\/api.siodelhi.org\/uploads\/images\/1769243557-3a57a870.webp"",""https:\/\/api.siodelhi.org\/uploads\/images\/1769243558-3a6c748c.webp"",""https:\/\/api.siodelhi.org\/uploads\/images\/1769243559-3a7e702f.webp"",""https:\/\/api.siodelhi.org\/uploads\/images\/1769243561-3a9aaae6.webp"",""https:\/\/api.siodelhi.org\/uploads\/images\/1769243563-3ab7b6a2.webp"",""https:\/\/api.siodelhi.org\/uploads\/images\/1769243565-3ad1f6c0.webp"",""https:\/\/api.siodelhi.org\/uploads\/images\/1769243575-3b78562a.webp"",""https:\/\/api.siodelhi.org\/uploads\/images\/1769243576-3b8e54c2.webp""]","2026-01-22 00:00:00","2026-01-27 09:31:44"
"eaae3dc0-b58f-4f54-817a-d57f1570c29a","initiatives",NULL,"0","Certificate Course on The Art of Public Speaking","The Student Islamic Organisation of India (SIO), Delhi Zone, in collaboration with Shafi Moonis Academy of Resource Training and Development (SMART), organized a two-day certificate course on “Effective Public Speaking for Islamic Workers” from 31st August. The course was designed to enhance the communication skills of students and Islamic workers, focusing on clarity of thought, confidence, audience engagement, and ethical persuasion. Through structured training sessions, practical exercises, a","<div class=""siodel-block block-composite"" data-layout=""image-top"" data-image-url=""https%3A%2F%2Fapi.siodelhi.org%2Fuploads%2Fimages%2F1769427513-239952ee.webp"" data-text-content=""%3Cp%3EThe%20Student%20Islamic%20Organisation%20of%20India%20(SIO)%2C%20Delhi%20Zone%2C%20in%20collaboration%20with%20%3Cstrong%3EShafi%20Moonis%20Academy%20of%20Resource%20Training%20and%20Development%20(SMART)%3C%2Fstrong%3E%2C%20organized%20a%20two-day%20certificate%20course%20on%20%3Cstrong%3E%E2%80%9CEffective%20Public%20Speaking%20for%20Islamic%20Workers%E2%80%9D%3C%2Fstrong%3E%20from%20%3Cstrong%3E31st%20August%3C%2Fstrong%3E.%20The%20course%20was%20designed%20to%20enhance%20the%20communication%20skills%20of%20students%20and%20Islamic%20workers%2C%20focusing%20on%20clarity%20of%20thought%2C%20confidence%2C%20audience%20engagement%2C%20and%20ethical%20persuasion.%20Through%20structured%20training%20sessions%2C%20practical%20exercises%2C%20and%20expert%20guidance%2C%20participants%20learned%20the%20fundamentals%20of%20impactful%20public%20speaking%20and%20message%20delivery.%20The%20program%20aimed%20to%20equip%20attendees%20with%20essential%20skills%20to%20articulate%20ideas%20effectively%2C%20represent%20Islamic%20values%20responsibly%2C%20and%20engage%20diverse%20audiences%20with%20confidence%20and%20purpose.%3C%2Fp%3E"" data-align=""left"" data-images='[""https://api.siodelhi.org/uploads/images/1769427513-239952ee.webp""]'></div>","https://api.siodelhi.org/uploads/images/1769082882662-cropped-cover-1769082882662.webp",NULL,"0",NULL,NULL,"default","11","1",NULL,NULL,"[""https:\/\/api.siodelhi.org\/uploads\/images\/1769244843-8ab2c47c.webp"",""https:\/\/api.siodelhi.org\/uploads\/images\/1769244843-8ab83671.webp"",""https:\/\/api.siodelhi.org\/uploads\/images\/1769244843-8abd72de.webp"",""https:\/\/api.siodelhi.org\/uploads\/images\/1769244844-8ac39171.webp"",""https:\/\/api.siodelhi.org\/uploads\/images\/1769244844-8aca8cab.webp"",""https:\/\/api.siodelhi.org\/uploads\/images\/1769244845-8ad06db5.webp"",""https:\/\/api.siodelhi.org\/uploads\/images\/1769244845-8ad59705.webp"",""https:\/\/api.siodelhi.org\/uploads\/images\/1769244845-8adaad7d.webp"",""https:\/\/api.siodelhi.org\/uploads\/images\/1769244846-8ae6ddc5.webp"",""https:\/\/api.siodelhi.org\/uploads\/images\/1769244846-8aedc863.webp"",""https:\/\/api.siodelhi.org\/uploads\/images\/1769244847-8af39800.webp"",""https:\/\/api.siodelhi.org\/uploads\/images\/1769244847-8af89176.webp"",""https:\/\/api.siodelhi.org\/uploads\/images\/1769244847-8afdda4d.webp"",""https:\/\/api.siodelhi.org\/uploads\/images\/1769244848-8b06572d.webp"",""https:\/\/api.siodelhi.org\/uploads\/images\/1769244848-8b0b7088.webp"",""https:\/\/api.siodelhi.org\/uploads\/images\/1769244849-8b15f155.webp"",""https:\/\/api.siodelhi.org\/uploads\/images\/1769244849-8b1b61df.webp"",""https:\/\/api.siodelhi.org\/uploads\/images\/1769244850-8b20e25d.webp"",""https:\/\/api.siodelhi.org\/uploads\/images\/1769244850-8b25e556.webp"",""https:\/\/api.siodelhi.org\/uploads\/images\/1769244850-8b2b240d.webp"",""https:\/\/api.siodelhi.org\/uploads\/images\/1769244851-8b30eb01.webp"",""https:\/\/api.siodelhi.org\/uploads\/images\/1769244851-8b35ba3f.webp"",""https:\/\/api.siodelhi.org\/uploads\/images\/1769244851-8b3b0284.webp"",""https:\/\/api.siodelhi.org\/uploads\/images\/1769244852-8b408696.webp"",""https:\/\/api.siodelhi.org\/uploads\/images\/1769244852-8b45f7aa.webp"",""https:\/\/api.siodelhi.org\/uploads\/images\/1769244852-8b4ab513.webp"",""https:\/\/api.siodelhi.org\/uploads\/images\/1769244853-8b52e2a0.webp"",""https:\/\/api.siodelhi.org\/uploads\/images\/1769244853-8b57bc93.webp"",""https:\/\/api.siodelhi.org\/uploads\/images\/1769244853-8b5d1034.webp"",""https:\/\/api.siodelhi.org\/uploads\/images\/1769244854-8b62c8b9.webp"",""https:\/\/api.siodelhi.org\/uploads\/images\/1769244854-8b67ffd0.webp"",""https:\/\/api.siodelhi.org\/uploads\/images\/1769244854-8b6dd381.webp"",""https:\/\/api.siodelhi.org\/uploads\/images\/1769244855-8b753ea4.webp"",""https:\/\/api.siodelhi.org\/uploads\/images\/1769244855-8b7aa39e.webp"",""https:\/\/api.siodelhi.org\/uploads\/images\/1769244856-8b80d793.webp"",""https:\/\/api.siodelhi.org\/uploads\/images\/1769244856-8b87b089.webp"",""https:\/\/api.siodelhi.org\/uploads\/images\/1769244857-8b996fd6.webp"",""https:\/\/api.siodelhi.org\/uploads\/images\/1769244857-8b9e46f3.webp"",""https:\/\/api.siodelhi.org\/uploads\/images\/1769244858-8ba44efe.webp"",""https:\/\/api.siodelhi.org\/uploads\/images\/1769244858-8ba997d2.webp"",""https:\/\/api.siodelhi.org\/uploads\/images\/1769244859-8bb0d108.webp"",""https:\/\/api.siodelhi.org\/uploads\/images\/1769244859-8bb748bc.webp"",""https:\/\/api.siodelhi.org\/uploads\/images\/1769244859-8bbc6312.webp"",""https:\/\/api.siodelhi.org\/uploads\/images\/1769244860-8bc25c6f.webp""]","2026-01-22 00:00:00","2026-01-29 17:08:52"
"f095f40a-bf0b-4edf-83d7-7153220dae5f","about","78025a68-4e9c-43c2-8cea-1eeed310be76","0","Karvan 2023",NULL,"<div class=""siodel-block block-pdf"" data-pdf-url=""https://api.siodelhi.org/uploads/pdfs/1769449468-7fcbc97e.pdf""></div>","https://api.siodelhi.org/uploads/images/1769179915849-cropped-cover-1769179915849.webp","https://api.siodelhi.org/uploads/pdfs/1769179962116-SIO%20Delhi-Karvan-Newsletter.pdf","0",NULL,NULL,"default","2","1",NULL,NULL,NULL,"2026-01-23 14:52:51","2026-01-28 13:25:53"
"f430e2ef-08b6-44e5-be00-3772f9c83a39","media",NULL,"0","Delhi Pollution Crisis",NULL,"<div class=""siodel-block block-text"" data-align=""left""><p>There exists a fundamental right to live, yet Delhi’s air pollution stands in extreme violation of that very right. This crisis is neither natural nor accidental but is an outcome of governmental negligence. The current state of Delhi’s air quality has reached an alarming severity, costing countless lives each day and endangering public health at an alarming scale.</p><p>It is not an environmental issue anymore; rather, it has evolved into a full-fledged public health emergency. The Delhi government should recognize this crisis with the urgency it demands and impose very strict curbs. Let Delhi not choke and rescue our capital from this emergency.</p><p></p><p><strong>Alfaz Khan</strong><br>Convenor, Parisar Samvad<br>Delhi Chapter</p><p></p><p><strong>SIO Delhi | Parisar Samvad</strong></p></div>","https://api.siodelhi.org/uploads/images/1769029204049-cropped-cover-1769029204048.webp",NULL,"0",NULL,NULL,"default","2","1","[]",NULL,"[]","2025-11-12 00:00:00","2026-01-24 09:43:29"
"f5a937d7-8750-41dd-92af-6e9eabcc9761","initiatives","814d8b2c-f3ab-409c-89be-6a2e0e164de3","0","Ramadan: The Month of Struggle for Community's Upliftment || Jb. Malik Moatasim Khan","Ayyam-e-Ma'doodat | Ramadan Special Series","<div class=""siodel-block block-video"" style=""margin: 32px 0; padding: 20px; border-radius: 16px; background: rgba(255,255,255,0.03); border: 1px solid rgba(255,255,255,0.05); box-shadow: 0 4px 6px rgba(0,0,0,0.1);""><div style=""border-radius: 12px; overflow: hidden; position: relative; width: 100%; height: 0; padding-bottom: 56.25%; background: #000;""><iframe src=""https://www.youtube.com/embed/Sdk7QaJE5Tc"" style=""position: absolute; top: 0; left: 0; width: 100%; height: 100%; border: none;"" allow=""accelerometer; autoplay; encrypted-media; gyroscope; picture-in-picture"" allowfullscreen></iframe></div></div>","https://api.siodelhi.org/uploads/images/1768983479108-cropped-cover-1768983479107.webp",NULL,"0",NULL,NULL,"default","1","1","[]",NULL,"[]","2026-01-21 08:18:53","2026-01-26 13:31:36"
"f5c61c76-8a5c-49bd-a216-b1899320f140","initiatives","814d8b2c-f3ab-409c-89be-6a2e0e164de3","0","Ramadan's Dawah Message || Prof. Salim Engineer",NULL,"<div class=""siodel-block block-video"" style=""margin: 32px 0; padding: 20px; border-radius: 16px; background: rgba(255,255,255,0.03); border: 1px solid rgba(255,255,255,0.05); box-shadow: 0 4px 6px rgba(0,0,0,0.1);""><div style=""border-radius: 12px; overflow: hidden; position: relative; width: 100%; height: 0; padding-bottom: 56.25%; background: #000;""><iframe src=""https://www.youtube.com/embed/sZSEuSvZHf0"" style=""position: absolute; top: 0; left: 0; width: 100%; height: 100%; border: none;"" allow=""accelerometer; autoplay; encrypted-media; gyroscope; picture-in-picture"" allowfullscreen></iframe></div></div>","https://api.siodelhi.org/uploads/images/1768984914684-cropped-cover-1768984914683.webp",NULL,"0",NULL,NULL,"default","2","1","[]",NULL,"[]","2026-01-21 08:42:43","2026-01-26 13:31:36"
"f6fa1c94-a288-4081-b5bf-17ce7805a9de","jac",NULL,"0","JAC Organisers Meet","SIO Delhi hosted the JAC Organisers Meet, a strategic and collaborative gathering of unit organisers and leadership teams from across the city. The meet provided a platform to align on upcoming initiatives, streamline organisational processes, and enhance coordination among the various JAC units. Through focused discussions, planning sessions, and experience-sharing dialogues, organisers strengthened their skills in mobilisation, event management, and grassroots engagement. The event reinforced ","<div class=""siodel-block block-composite"" data-layout=""image-top"" data-image-url=""https%3A%2F%2Fapi.siodelhi.org%2Fuploads%2Fimages%2F1769427873-3a1cbac4.webp"" data-text-content=""%3Cp%3ESIO%20Delhi%20hosted%20the%20%3Cstrong%3EJAC%20Organisers%20Meet%3C%2Fstrong%3E%2C%20a%20strategic%20and%20collaborative%20gathering%20of%20unit%20organisers%20and%20leadership%20teams%20from%20across%20the%20city.%20The%20meet%20provided%20a%20platform%20to%20align%20on%20upcoming%20initiatives%2C%20streamline%20organisational%20processes%2C%20and%20enhance%20coordination%20among%20the%20various%20JAC%20units.%20Through%20focused%20discussions%2C%20planning%20sessions%2C%20and%20experience-sharing%20dialogues%2C%20organisers%20strengthened%20their%20skills%20in%20mobilisation%2C%20event%20management%2C%20and%20grassroots%20engagement.%20The%20event%20reinforced%20a%20shared%20vision%20of%20effective%20teamwork%2C%20ethical%20leadership%2C%20and%20community-centered%20action%2C%20empowering%20organisers%20to%20implement%20high-impact%20programmes%20with%20clarity%20and%20unity.%3C%2Fp%3E"" data-align=""left"" data-images='[""https://api.siodelhi.org/uploads/images/1769427873-3a1cbac4.webp""]'></div>","https://api.siodelhi.org/uploads/images/1769167779863-cropped-cover-1769167779863.webp",NULL,"0",NULL,NULL,"default","0","1",NULL,NULL,"[""https:\/\/api.siodelhi.org\/uploads\/images\/1769245419-aebe0bd3.webp"",""https:\/\/api.siodelhi.org\/uploads\/images\/1769245420-aec950f6.webp"",""https:\/\/api.siodelhi.org\/uploads\/images\/1769245420-aecf3ed4.webp"",""https:\/\/api.siodelhi.org\/uploads\/images\/1769245421-aed7343f.webp"",""https:\/\/api.siodelhi.org\/uploads\/images\/1769245421-aedbb89d.webp"",""https:\/\/api.siodelhi.org\/uploads\/images\/1769245422-aee34832.webp"",""https:\/\/api.siodelhi.org\/uploads\/images\/1769245422-aee84a36.webp"",""https:\/\/api.siodelhi.org\/uploads\/images\/1769245422-aeee4d6e.webp"",""https:\/\/api.siodelhi.org\/uploads\/images\/1769245423-aef83295.webp"",""https:\/\/api.siodelhi.org\/uploads\/images\/1769245423-aefdd4dd.webp"",""https:\/\/api.siodelhi.org\/uploads\/images\/1769245424-af040d59.webp"",""https:\/\/api.siodelhi.org\/uploads\/images\/1769245424-af0a9413.webp"",""https:\/\/api.siodelhi.org\/uploads\/images\/1769245425-af10c54f.webp"",""https:\/\/api.siodelhi.org\/uploads\/images\/1769245425-af1763c5.webp"",""https:\/\/api.siodelhi.org\/uploads\/images\/1769245425-af1cda66.webp""]","2025-04-27 00:00:00","2026-01-26 11:44:36"
"fb449776-60da-49f0-bdc1-1b16c4fe3acc","leadership",NULL,"0","Syed Omair Afzal","Zonal Secretary","<div class=""siodel-block block-text"" data-align=""left""><p><strong>Syed Omair Afzal</strong> serves as the <strong>General Secretary of SIO Delhi</strong>, where he plays a central role in organizational coordination, strategic planning, and effective execution of programs. </p></div>","https://api.siodelhi.org/uploads/images/1769252818-7d2750ac.webp",NULL,"0","zs.del@sio-india.org",NULL,"default","1","1",NULL,NULL,NULL,"2026-01-18 00:00:00","2026-01-27 20:42:40"
"ff87ef38-a9ac-494b-a3d1-cae31bb9cba9","about","0b3454ac-e6f4-43e1-bff4-00283c9a82b0","0","English | Membership Syllabus","Dive into our Membership Syllabus in English","<div class=""siodel-block block-text"" data-align=""left""><p style=""text-align: center;""><span style=""color: rgb(255, 128, 128);""><strong>Deeniyat</strong></span></p></div><div class=""siodel-block block-pdf"" data-pdf-url=""https://api.siodelhi.org/uploads/pdfs/1769436623-5cfb3356.pdf""></div><div class=""siodel-block block-text"" data-align=""left""><p style=""text-align: center;""><span style=""color: rgb(255, 128, 128);""><strong>The Life of The Prophet Muhammad</strong></span></p></div><div class=""siodel-block block-pdf"" data-pdf-url=""https://api.siodelhi.org/uploads/pdfs/1769436647-5e7976fe.pdf""></div><div class=""siodel-block block-text"" data-align=""left""><p style=""text-align: center;""><span style=""color: rgb(255, 128, 128);""><strong>Islam at a Glance</strong></span></p></div><div class=""siodel-block block-pdf"" data-pdf-url=""https://api.siodelhi.org/uploads/pdfs/1769436703-61fb659c.pdf""></div><div class=""siodel-block block-text"" data-align=""left""><p style=""text-align: center;""><span style=""color: rgb(255, 128, 128);""><strong>Islamic way of life</strong></span></p></div><div class=""siodel-block block-pdf"" data-pdf-url=""https://api.siodelhi.org/uploads/pdfs/1769436718-62e57c72.pdf""></div><div class=""siodel-block block-text"" data-align=""left""><p style=""text-align: center;""><span style=""color: rgb(255, 128, 128);""><strong>Khutbaat Complete</strong></span></p></div><div class=""siodel-block block-pdf"" data-pdf-url=""https://api.siodelhi.org/uploads/pdfs/1769438739-e131dd50.pdf""></div><div class=""siodel-block block-text"" data-align=""left""><p style=""text-align: center;""><span style=""color: rgb(255, 128, 128);""><strong>The Guide of Mankind</strong></span></p></div><div class=""siodel-block block-pdf"" data-pdf-url=""https://api.siodelhi.org/uploads/pdfs/1769444600-4f871653.pdf""></div><div class=""siodel-block block-text"" data-align=""left""><p style=""text-align: center;""><span style=""color: rgb(255, 128, 128);""><strong>Muhammad pbuh the Benefactor of Humanity</strong></span></p></div><div class=""siodel-block block-pdf"" data-pdf-url=""https://api.siodelhi.org/uploads/pdfs/1769444638-51eaa0b4.pdf""></div><div class=""siodel-block block-text"" data-align=""left""><p style=""text-align: center;""><span style=""color: rgb(255, 128, 128);""><strong>Way to Quran</strong></span></p></div><div class=""siodel-block block-pdf"" data-pdf-url=""https://api.siodelhi.org/uploads/pdfs/1769444654-52e94b45.pdf""></div><div class=""siodel-block block-text"" data-align=""left""><p style=""text-align: center;""><span style=""color: rgb(255, 128, 128);""><strong>Witness Unto Mankind </strong></span></p></div><div class=""siodel-block block-pdf"" data-pdf-url=""https://api.siodelhi.org/uploads/pdfs/1769444689-551cdf51.pdf""></div><div class=""siodel-block block-text"" data-align=""left""><p style=""text-align: center;""><span style=""color: rgb(255, 128, 128);""><strong>Movement Prerequisites for Success</strong></span></p></div><div class=""siodel-block block-pdf"" data-pdf-url=""https://api.siodelhi.org/uploads/pdfs/1769704095-a9f585be.pdf""></div>","https://api.siodelhi.org/uploads/images/1769358939-65b4d12e.webp","https://api.siodelhi.org/uploads/pdfs/1769353303-05748601.pdf","0",NULL,NULL,"default","0","1",NULL,NULL,NULL,"2026-01-25 15:05:26","2026-01-29 16:28:15"
